id_jlpt,tipo,categoria,caracter,romaji,significado,onyomi,kunyomi,contraparte,palabra_ejemplo
,hiragana,basico,あ,a,Letra A,,,ア (Katakana),あめ (Ame - Lluvia)
,katakana,basico,ア,a,Letra A,,,あ (Hiragana),アメリカ (Amerika - Estados Unidos)
,hiragana,basico,い,i,Letra I,,,イ (Katakana),いぬ (Inu - Perro)
,katakana,basico,イ,i,Letra I,,,い (Hiragana),インターネット (Intaanetto - Internet)
,hiragana,basico,う,u,Letra U,,,ウ (Katakana),うみ (Umi - Mar)
,katakana,basico,ウ,u,Letra U,,,う (Hiragana),ウイルス (Uirusu - Virus)
,hiragana,basico,え,e,Letra E,,,エ (Katakana),えき (Eki - Estación)
,katakana,basico,エ,e,Letra E,,,え (Hiragana),エレベーター (Erebeetaa - Ascensor)
,hiragana,basico,お,o,Letra O,,,オ (Katakana),おにぎり (Onigiri - Bola de arroz)
,katakana,basico,オ,o,Letra O,,,お (Hiragana),オレンジ (Orenji - Naranja)
,hiragana,basico,か,ka,Letra KA,,,カ (Katakana),かさ (Kasa - Paraguas)
,katakana,basico,カ,ka,Letra KA,,,か (Hiragana),カメラ (Kamera - Cámara)
,hiragana,basico,き,ki,Letra KI,,,キ (Katakana),き (Ki - Árbol)
,katakana,basico,キ,ki,Letra KI,,,き (Hiragana),キロ (Kiro - Kilo)
,hiragana,basico,く,ku,Letra KU,,,ク (Katakana),くつ (Kutsu - Zapatos)
,katakana,basico,ク,ku,Letra KU,,,く (Hiragana),クラス (Kurasu - Clase)
,hiragana,basico,け,ke,Letra KE,,,ケ (Katakana),けむり (Kemuri - Humo)
,katakana,basico,ケ,ke,Letra KE,,,け (Hiragana),ケーキ (Keeki - Pastel)
,hiragana,basico,こ,ko,Letra KO,,,コ (Katakana),こども (Kodomo - Niño)
,katakana,basico,コ,ko,Letra KO,,,こ (Hiragana),コーヒー (Koohii - Café)
,hiragana,basico,さ,sa,Letra SA,,,サ (Katakana),さかな (Sakana - Pescado)
,katakana,basico,サ,sa,Letra SA,,,さ (Hiragana),サラダ (Sarada - Ensalada)
,hiragana,basico,し,shi,Letra SHI,,,シ (Katakana),しお (Shio - Sal)
,katakana,basico,シ,shi,Letra SHI,,,し (Hiragana),シャツ (Shatsu - Camisa)
,hiragana,basico,す,su,Letra SU,,,ス (Katakana),すいか (Suika - Sandía)
,katakana,basico,ス,su,Letra SU,,,す (Hiragana),スープ (Suupu - Sopa)
,hiragana,basico,せ,se,Letra SE,,,セ (Katakana),せんせい (Sensei - Profesor)
,katakana,basico,セ,se,Letra SE,,,せ (Hiragana),セーター (Seetaa - Suéter)
,hiragana,basico,そ,so,Letra SO,,,ソ (Katakana),そら (Sora - Cielo)
,katakana,basico,ソ,so,Letra SO,,,そ (Hiragana),ソーセージ (Sooseeji - Salchicha)
,hiragana,basico,た,ta,Letra TA,,,タ (Katakana),たまご (Tamago - Huevo)
,katakana,basico,タ,ta,Letra TA,,,た (Hiragana),タクシー (Takushii - Taxi)
,hiragana,basico,ち,chi,Letra CHI,,,チ (Katakana),ちち (Chichi - Padre)
,katakana,basico,チ,chi,Letra CHI,,,ち (Hiragana),チーズ (Chiizu - Queso)
,hiragana,basico,つ,tsu,Letra TSU,,,ツ (Katakana),つき (Tsuki - Luna)
,katakana,basico,ツ,tsu,Letra TSU,,,つ (Hiragana),ツアー (Tsuaa - Tour)
,hiragana,basico,て,te,Letra TE,,,テ (Katakana),て (Te - Mano)
,katakana,basico,テ,te,Letra TE,,,て (Hiragana),テニス (Tenisu - Tenis)
,hiragana,basico,と,to,Letra TO,,,ト (Katakana),とけい (Tokei - Reloj)
,katakana,basico,ト,to,Letra TO,,,と (Hiragana),トマト (Tomato - Tomate)
,hiragana,basico,な,na,Letra NA,,,ナ (Katakana),なつ (Natsu - Verano)
,katakana,basico,ナ,na,Letra NA,,,な (Hiragana),ナイフ (Naifu - Cuchillo)
,hiragana,basico,に,ni,Letra NI,,,ニ (Katakana),にく (Niku - Carne)
,katakana,basico,ニ,ni,Letra NI,,,に (Hiragana),ニュース (Nyuusu - Noticias)
,hiragana,basico,ぬ,nu,Letra NU,,,ヌ (Katakana),ぬいぐるみ (Nuigurumi - Peluche)
,katakana,basico,ヌ,nu,Letra NU,,,ぬ (Hiragana),ヌードル (Nuudoru - Fideos)
,hiragana,basico,ね,ne,Letra NE,,,ネ (Katakana),ねこ (Neko - Gato)
,katakana,basico,ネ,ne,Letra NE,,,ね (Hiragana),ネクタイ (Nekutai - Corbata)
,hiragana,basico,の,no,Letra NO,,,ノ (Katakana),のみもの (Nomimono - Bebida)
,katakana,basico,ノ,no,Letra NO,,,の (Hiragana),ノート (Nooto - Cuaderno)
,hiragana,basico,は,ha,Letra HA,,,ハ (Katakana),はな (Hana - Flor)
,katakana,basico,ハ,ha,Letra HA,,,は (Hiragana),ハム (Hamu - Jamón)
,hiragana,basico,ひ,hi,Letra HI,,,ヒ (Katakana),ひこうき (Hikouki - Avión)
,katakana,basico,ヒ,hi,Letra HI,,,ひ (Hiragana),ヒーター (Hiitaa - Calentador)
,hiragana,basico,ふ,fu,Letra FU,,,フ (Katakana),ふね (Fune - Barco)
,katakana,basico,フ,fu,Letra FU,,,ふ (Hiragana),フィルム (Firumu - Película)
,hiragana,basico,へ,he,Letra HE,,,ヘ (Katakana),へや (Heya - Habitación)
,katakana,basico,ヘ,he,Letra HE,,,へ (Hiragana),ヘリコプター (Herikoputaa - Helicóptero)
,hiragana,basico,ほ,ho,Letra HO,,,ホ (Katakana),ほん (Hon - Libro)
,katakana,basico,ホ,ho,Letra HO,,,ほ (Hiragana),ホテル (Hoteru - Hotel)
,hiragana,basico,ま,ma,Letra MA,,,マ (Katakana),まど (Mado - Ventana)
,katakana,basico,マ,ma,Letra MA,,,ま (Hiragana),マッチ (Matchi - Fósforo)
,hiragana,basico,み,mi,Letra MI,,,ミ (Katakana),みず (Mizu - Agua)
,katakana,basico,ミ,mi,Letra MI,,,み (Hiragana),ミルク (Miruku - Leche)
,hiragana,basico,む,mu,Letra MU,,,ム (Katakana),むし (Mushi - Insecto)
,katakana,basico,ム,mu,Letra MU,,,む (Hiragana),ムード (Muudo - Humor)
,hiragana,basico,め,me,Letra ME,,,メ (Katakana),めがね (Megane - Gafas)
,katakana,basico,メ,me,Letra ME,,,め (Hiragana),メロン (Meron - Melón)
,hiragana,basico,も,mo,Letra MO,,,モ (Katakana),もも (Momo - Durazno)
,katakana,basico,モ,mo,Letra MO,,,も (Hiragana),モーター (Mootaa - Motor)
,hiragana,basico,や,ya,Letra YA,,,ヤ (Katakana),やま (Yama - Montaña)
,katakana,basico,ヤ,ya,Letra YA,,,や (Hiragana),ヤンキース (Yankiisu - Yankees)
,hiragana,basico,ゆ,yu,Letra YU,,,ユ (Katakana),ゆき (Yuki - Nieve)
,katakana,basico,ユ,yu,Letra YU,,,ゆ (Hiragana),ユニフォーム (Yunifoomu - Uniforme)
,hiragana,basico,よ,yo,Letra YO,,,ヨ (Katakana),よる (Yoru - Noche)
,katakana,basico,ヨ,yo,Letra YO,,,よ (Hiragana),ヨーロッパ (Yooroppa - Europa)
,hiragana,basico,ら,ra,Letra RA,,,ラ (Katakana),らいおん (Raion - León)
,katakana,basico,ラ,ra,Letra RA,,,ら (Hiragana),ラジオ (Rajio - Radio)
,hiragana,basico,り,ri,Letra RI,,,リ (Katakana),りんご (Ringo - Manzana)
,katakana,basico,リ,ri,Letra RI,,,り (Hiragana),リットル (Rittoru - Litro)
,hiragana,basico,る,ru,Letra RU,,,ル (Katakana),くるま (Kuruma - Coche)
,katakana,basico,ル,ru,Letra RU,,,る (Hiragana),ルール (Ruuru - Regla)
,hiragana,basico,れ,re,Letra RE,,,レ (Katakana),れきし (Rekishi - Historia)
,katakana,basico,レ,re,Letra RE,,,れ (Hiragana),レストラン (Resutoran - Restaurante)
,hiragana,basico,ろ,ro,Letra RO,,,ロ (Katakana),ろく (Roku - Seis)
,katakana,basico,ロ,ro,Letra RO,,,ろ (Hiragana),ロボット (Robotto - Robot)
,hiragana,basico,わ,wa,Letra WA,,,ワ (Katakana),わたし (Watashi - Yo)
,katakana,basico,ワ,wa,Letra WA,,,わ (Hiragana),ワイン (Wain - Vino)
,hiragana,basico,を,wo,Letra WO,,,ヲ (Katakana),を (Wo - Partícula)
,katakana,basico,ヲ,wo,Letra WO,,,を (Hiragana),ヲ (Wo - Uso histórico)
,hiragana,basico,ん,n,Letra N,,,ン (Katakana),でんわ (Denwa - Teléfono)
,katakana,basico,ン,n,Letra N,,,ん (Hiragana),ペン (Pen - Bolígrafo)
,hiragana,basico,が,ga,Letra GA,,,ガ (Katakana),がっこう (Gakkou - Escuela)
,katakana,basico,ガ,ga,Letra GA,,,が (Hiragana),ガラス (Garasu - Cristal)
,hiragana,basico,ぎ,gi,Letra GI,,,ギ (Katakana),ぎんこう (Ginkou - Banco)
,katakana,basico,ギ,gi,Letra GI,,,ぎ (Hiragana),ギター (Gitaa - Guitarra)
,hiragana,basico,ぐ,gu,Letra GU,,,グ (Katakana),ぐあい (Guai - Condición)
,katakana,basico,グ,gu,Letra GU,,,ぐ (Hiragana),グラス (Gurasu - Vaso)
,hiragana,basico,げ,ge,Letra GE,,,ゲ (Katakana),げんき (Genki - Salud)
,katakana,basico,ゲ,ge,Letra GE,,,げ (Hiragana),ゲーム (Geemu - Juego)
,hiragana,basico,ご,go,Letra GO,,,ゴ (Katakana),ごはん (Gohan - Arroz/Comida)
,katakana,basico,ゴ,go,Letra GO,,,ご (Hiragana),ゴム (Gomu - Goma)
,hiragana,basico,ざ,za,Letra ZA,,,ザ (Katakana),ざっし (Zasshi - Revista)
,katakana,basico,ザ,za,Letra ZA,,,ざ (Hiragana),ザリガニ (Zarigani - Cangrejo)
,hiragana,basico,じ,ji,Letra JI,,,ジ (Katakana),じかん (Jikan - Tiempo)
,katakana,basico,ジ,ji,Letra JI,,,じ (Hiragana),ジュース (Juusu - Jugo)
,hiragana,basico,ず,zu,Letra ZU,,,ズ (Katakana),みず (Mizu - Agua)
,katakana,basico,ズ,zu,Letra ZU,,,ず (Hiragana),ズボン (Zubon - Pantalones)
,hiragana,basico,ぜ,ze,Letra ZE,,,ゼ (Katakana),かぜ (Kaze - Viento)
,katakana,basico,ゼ,ze,Letra ZE,,,ぜ (Hiragana),ゼロ (Zero - Cero)
,hiragana,basico,ぞ,zo,Letra ZO,,,ゾ (Katakana),ぞう (Zou - Elefante)
,katakana,basico,ゾ,zo,Letra ZO,,,ぞ (Hiragana),ゾンビ (Zonbi - Zombi)
,hiragana,basico,だ,da,Letra DA,,,ダ (Katakana),だいがく (Daigaku - Universidad)
,katakana,basico,ダ,da,Letra DA,,,だ (Hiragana),ダンス (Dansu - Baile)
,hiragana,basico,ぢ,ji,Letra JI,,,ヂ (Katakana),はなぢ (Hanaji - Sangrado nasal)
,katakana,basico,ヂ,ji,Letra JI,,,ぢ (Hiragana),チヂミ (Chijimi - Tortita coreana)
,hiragana,basico,づ,zu,Letra ZU,,,ヅ (Katakana),つづく (Tsudzuku - Continuar)
,katakana,basico,ヅ,zu,Letra ZU,,,づ (Hiragana),ヅラ (Dzura - Peluca)
,hiragana,basico,で,de,Letra DE,,,デ (Katakana),でんわ (Denwa - Teléfono)
,katakana,basico,デ,de,Letra DE,,,で (Hiragana),デザイン (Dezain - Diseño)
,hiragana,basico,ど,do,Letra DO,,,ド (Katakana),どうぶつ (Doubutsu - Animal)
,katakana,basico,ド,do,Letra DO,,,ど (Hiragana),ドア (Doa - Puerta)
,hiragana,basico,ば,ba,Letra BA,,,バ (Katakana),ばんごう (Bangou - Número)
,katakana,basico,バ,ba,Letra BA,,,ば (Hiragana),バス (Basu - Autobús)
,hiragana,basico,び,bi,Letra BI,,,ビ (Katakana),びょういん (Byouin - Hospital)
,katakana,basico,ビ,bi,Letra BI,,,び (Hiragana),ビール (Biiru - Cerveza)
,hiragana,basico,ぶ,bu,Letra BU,,,ブ (Katakana),ぶた (Buta - Cerdo)
,katakana,basico,ブ,bu,Letra BU,,,ぶ (Hiragana),ブロック (Burokku - Bloque)
,hiragana,basico,べ,be,Letra BE,,,ベ (Katakana),べんとう (Bentou - Almuerzo)
,katakana,basico,ベ,be,Letra BE,,,べ (Hiragana),ベッド (Beddo - Cama)
,hiragana,basico,ぼ,bo,Letra BO,,,ボ (Katakana),ぼうし (Boushi - Sombrero)
,katakana,basico,ボ,bo,Letra BO,,,ぼ (Hiragana),ボール (Booru - Pelota)
,hiragana,basico,ぱ,pa,Letra PA,,,パ (Katakana),ぱん (Pan - Pan)
,katakana,basico,パ,pa,Letra PA,,,ぱ (Hiragana),パン (Pan - Pan)
,hiragana,basico,ぴ,pi,Letra PI,,,ピ (Katakana),えんぴつ (Enpitsu - Lápiz)
,katakana,basico,ピ,pi,Letra PI,,,ぴ (Hiragana),ピアノ (Piano - Piano)
,hiragana,basico,ぷ,pu,Letra PU,,,プ (Katakana),きっぷ (Kippu - Boleto)
,katakana,basico,プ,pu,Letra PU,,,ぷ (Hiragana),プール (Puuru - Piscina)
,hiragana,basico,ぺ,pe,Letra PE,,,ペ (Katakana),ぺこぺこ (Pekopeko - Hambriento)
,katakana,basico,ペ,pe,Letra PE,,,ぺ (Hiragana),ペン (Pen - Bolígrafo)
,hiragana,basico,ぽ,po,Letra PO,,,ポ (Katakana),さんぽ (Sanpo - Paseo)
,katakana,basico,ポ,po,Letra PO,,,ぽ (Hiragana),ポスト (Posuto - Buzón)
,hiragana,basico,きゃ,kya,Letra KYA,,,キャ (Katakana),きゃく (Kyaku - Cliente)
,katakana,basico,キャ,kya,Letra KYA,,,きゃ (Hiragana),キャベツ (Kyabetsu - Repollo)
,hiragana,basico,きゅ,kyu,Letra KYU,,,キュ (Katakana),きゅうり (Kyuuri - Pepino)
,katakana,basico,キュ,kyu,Letra KYU,,,きゅ (Hiragana),キューピッド (Kyuupiddo - Cupido)
,hiragana,basico,きょ,kyo,Letra KYO,,,キョ (Katakana),きょう (Kyou - Hoy)
,katakana,basico,キョ,kyo,Letra KYO,,,きょ (Hiragana),キョロキョロ (Kyorokyoro - Mirar)
,hiragana,basico,しゃ,sha,Letra SHA,,,シャ (Katakana),しゃしん (Shashin - Foto)
,katakana,basico,シャ,sha,Letra SHA,,,しゃ (Hiragana),シャツ (Shatsu - Camisa)
,hiragana,basico,しゅ,shu,Letra SHU,,,シュ (Katakana),しゅくだい (Shukudai - Tarea)
,katakana,basico,シュ,shu,Letra SHU,,,しゅ (Hiragana),シューズ (Shuuzu - Zapatos)
,hiragana,basico,しょ,sho,Letra SHO,,,ショ (Katakana),しょくどう (Shokudou - Comedor)
,katakana,basico,ショ,sho,Letra SHO,,,しょ (Hiragana),ショップ (Shoppu - Tienda)
,hiragana,basico,ちゃ,cha,Letra CHA,,,チャ (Katakana),おちゃ (Ocha - Té)
,katakana,basico,チャ,cha,Letra CHA,,,ちゃ (Hiragana),チャンス (Chansu - Oportunidad)
,hiragana,basico,ちゅ,chu,Letra CHU,,,チュ (Katakana),ちゅうごく (Chuugoku - China)
,katakana,basico,チュ,chu,Letra CHU,,,ちゅ (Hiragana),チューリップ (Chuurrippu - Tulipán)
,hiragana,basico,ちょ,cho,Letra CHO,,,チョ (Katakana),ちょうちょ (Choucho - Mariposa)
,katakana,basico,チョ,cho,Letra CHO,,,ちょ (Hiragana),チョコレート (Chokoreeto - Chocolate)
,hiragana,basico,にゃ,nya,Letra NYA,,,ニャ (Katakana),こんにゃく (Konnyaku - Konjac)
,katakana,basico,ニャ,nya,Letra NYA,,,にゃ (Hiragana),ニャンコ (Nyanko - Gatito)
,hiragana,basico,にゅ,nyu,Letra NYU,,,ニュ (Katakana),ぎゅうにゅう (Gyuunyuu - Leche)
,katakana,basico,ニュ,nyu,Letra NYU,,,にゅ (Hiragana),ニュース (Nyuusu - Noticias)
,hiragana,basico,にょ,nyo,Letra NYO,,,ニョ (Katakana),にょろにょろ (Nyoronyoro - Movimiento ondulante)
,katakana,basico,ニョ,nyo,Letra NYO,,,にょ (Hiragana),ニョッキ (Nyokki - Ñoquis)
,hiragana,basico,ひゃ,hya,Letra HYA,,,ヒャ (Katakana),ひゃく (Hyaku - Cien)
,katakana,basico,ヒャ,hya,Letra HYA,,,ひゃ (Hiragana),ヒヤシンス (Hiyashinsu - Jacinto)
,hiragana,basico,ひゅ,hyu,Letra HYU,,,ヒュ (Katakana),ひゅーひゅー (Hyuuhyuu - Viento)
,katakana,basico,ヒュ,hyu,Letra HYU,,,ひゅ (Hiragana),ヒューマン (Hyuuman - Humano)
,hiragana,basico,ひょ,hyo,Letra HYO,,,ヒョ (Katakana),ひょう (Hyou - Leopardo)
,katakana,basico,ヒョ,hyo,Letra HYO,,,ひょ (Hiragana),ヒョウ (Hyou - Leopardo)
,hiragana,basico,みゃ,mya,Letra MYA,,,ミャ (Katakana),みゃく (Myaku - Pulso)
,katakana,basico,ミャ,mya,Letra MYA,,,みゃ (Hiragana),ミャンマー (Myanmaa - Myanmar)
,hiragana,basico,みゅ,myu,Letra MYU,,,ミュ (Katakana),みゅーじしゃん (Myuujishan - Músico)
,katakana,basico,ミュ,myu,Letra MYU,,,みゅ (Hiragana),ミュージック (Myuujikku - Música)
,hiragana,basico,みょ,myo,Letra MYO,,,ミョ (Katakana),みょうじ (Myouji - Apellido)
,katakana,basico,ミョ,myo,Letra MYO,,,みょ (Hiragana),ミョウバン (Myouban - Alumbre)
,hiragana,basico,りゃ,rya,Letra RYA,,,リャ (Katakana),りゃく (Ryaku - Abreviación)
,katakana,basico,リャ,rya,Letra RYA,,,りゃ (Hiragana),リャマ (Ryama - Llama)
,hiragana,basico,りゅ,ryu,Letra RYU,,,リュ (Katakana),りゅう (Ryuu - Dragón)
,katakana,basico,リュ,ryu,Letra RYU,,,りゅ (Hiragana),リュック (Ryukku - Mochila)
,hiragana,basico,りょ,ryo,Letra RYO,,,リョ (Katakana),りょうり (Ryouri - Cocina)
,katakana,basico,リョ,ryo,Letra RYO,,,りょ (Hiragana),マトリョーシカ (Matoryoshika - Matrioska)
,hiragana,basico,ぎゃ,gya,Letra GYA,,,ギャ (Katakana),ぎゃく (Gyaku - Reverso)
,katakana,basico,ギャ,gya,Letra GYA,,,ぎゃ (Hiragana),ギャング (Gyangu - Pandilla)
,hiragana,basico,ぎゅ,gyu,Letra GYU,,,ギュ (Katakana),ぎゅうにく (Gyuuniku - Carne de res)
,katakana,basico,ギュ,gyu,Letra GYU,,,ぎゅ (Hiragana),ギュッと (Gyutto - Apretado)
,hiragana,basico,ぎょ,gyo,Letra GYO,,,ギョ (Katakana),きんぎょ (Kingyo - Pez dorado)
,katakana,basico,ギョ,gyo,Letra GYO,,,ぎょ (Hiragana),ギョーザ (Gyooza - Empanadilla)
,hiragana,basico,じゃ,ja,Letra JA,,,ジャ (Katakana),じゃがいも (Jagaimo - Papa)
,katakana,basico,ジャ,ja,Letra JA,,,じゃ (Hiragana),ジャム (Jamu - Mermelada)
,hiragana,basico,じゅ,ju,Letra JU,,,ジュ (Katakana),じゅう (Juu - Diez)
,katakana,basico,ジュ,ju,Letra JU,,,じゅ (Hiragana),ジュース (Juusu - Jugo)
,hiragana,basico,じょ,jo,Letra JO,,,ジョ (Katakana),じょせい (Josei - Mujer)
,katakana,basico,ジョ,jo,Letra JO,,,じょ (Hiragana),ジョギング (Jogingu - Trotar)
,hiragana,basico,びゃ,bya,Letra BYA,,,ビャ (Katakana),さんびゃく (Sanbyaku - Trescientos)
,katakana,basico,ビャ,bya,Letra BYA,,,びゃ (Hiragana),ビャクダン (Byakudan - Sándalo)
,hiragana,basico,びゅ,byu,Letra BYU,,,ビュ (Katakana),びゅんびゅん (Byunbyun - Zumbido)
,katakana,basico,ビュ,byu,Letra BYU,,,びゅ (Hiragana),ビューティー (Byuutii - Belleza)
,hiragana,basico,びょ,byo,Letra BYO,,,ビョ (Katakana),びょうき (Byouki - Enfermedad)
,katakana,basico,ビョ,byo,Letra BYO,,,びょ (Hiragana),ビョーク (Byooku - Bjork)
,hiragana,basico,ぴゃ,pya,Letra PYA,,,ピャ (Katakana),ぴゃあぴゃあ (Pyaapyaa - Pajarito)
,katakana,basico,ピャ,pya,Letra PYA,,,ぴゃ (Hiragana),ピャー (Pyaa - Sonido)
,hiragana,basico,ぴゅ,pyu,Letra PYU,,,ピュ (Katakana),ぴゅーぴゅー (Pyuupyuu - Silbido)
,katakana,basico,ピュ,pyu,Letra PYU,,,ぴゅ (Hiragana),ピューレ (Pyuure - Puré)
,hiragana,basico,ぴょ,pyo,Letra PYO,,,ピョ (Katakana),ぴょんぴょん (Pyonpyon - Salto)
,katakana,basico,ピョ,pyo,Letra PYO,,,ぴょ (Hiragana),ピョートル (Pyootoru - Pyotr)
,hiragana,especial,っ,small tsu,Consonante doble,,,ッ (Katakana),がっこう (Gakkou - Escuela)
,katakana,especial,ッ,small tsu,Consonante doble,,,っ (Hiragana),ベッド (Beddo - Cama)
,katakana,especial,ー,chouon,Vocal larga,,,,ケーキ (Keeki - Pastel)
,hiragana,especial,ゔ,vu,Sonido V,,,ヴ (Katakana),ゔぁいおりん (Vaiorin - Violín)
,katakana,especial,ヴ,vu,Sonido V,,,ゔ (Hiragana),ヴァイオリン (Vaiorin - Violín)
1,kanji,N5,一,ichi,Uno,イチ (ichi),ひと (hito),,
2,kanji,N5,二,ni,Dos,ニ (ni),ふた (futa),,
3,kanji,N5,三,san,Tres,サン (san),み (mi),,
4,kanji,N5,四,yon,Cuatro,シ (shi),よん / よ (yon / yo),,
5,kanji,N5,五,go,Cinco,ゴ (go),いつ (itsu),,
6,kanji,N5,六,roku,Seis,ロク (roku),む (mu),,
7,kanji,N5,七,nana,Siete,シチ (shichi),なな (nana),,
8,kanji,N5,八,hachi,Ocho,ハチ (hachi),や (ya),,
9,kanji,N5,九,kyuu,Nueve,キュウ / ク (kyuu / ku),ここの (kokono),,
10,kanji,N5,十,juu,Diez,ジュウ (juu),とお (too),,
11,kanji,N5,百,hyaku,Cien,ヒャク (hyaku),もも (momo),,
12,kanji,N5,千,sen,Mil,セン (sen),ち (chi),,
13,kanji,N5,万,man,Diez mil,マン / バン (man / ban),-,,
14,kanji,N5,円,en,Yen / Circulo,エン (en),まる (maru),,
15,kanji,N5,日,nichi,Dia / Sol,ニチ / ジツ (nichi / jitsu),ひ / か (hi / ka),,
16,kanji,N5,月,getsu,Mes / Luna,ゲツ / ガツ (getsu / gatsu),つき (tsuki),,
17,kanji,N5,火,ka,Fuego,カ (ka),ひ (hi),,
18,kanji,N5,水,mizu,Agua,スイ (sui),みず (mizu),,
19,kanji,N5,木,moku,Arbol / Madera,モク / ボク (moku / boku),き (ki),,
20,kanji,N5,金,kin,Oro / Dinero,キン (kin),かね (kane),,
21,kanji,N5,土,to,Tierra,ド / ト (do / to),つち (tsuchi),,
22,kanji,N5,国,koku,Pais,コク (koku),くに (kuni),,
23,kanji,N5,人,jin,Persona,ジン / ニン (jin / nin),ひと (hito),,
24,kanji,N5,年,nen,Ano,ネン (nen),とし (toshi),,
25,kanji,N5,大,dai,Grande,ダイ / タイ (dai / tai),おお (oo),,
26,kanji,N5,小,shou,Pequeno,ショウ (shou),ちい (chii),,
27,kanji,N5,中,chuu,Medio / Dentro,チュウ (chuu),なか (naka),,
28,kanji,N5,本,hon,Libro / Origen,ホン (hon),もと (moto),,
29,kanji,N5,長,chou,Largo,チョウ (chou),なが (nagai),,
30,kanji,N5,出,shutsu,Salir,シュツ (shutsu),で / だ (de / da),,
31,kanji,N5,入,nyuu,Entrar,ニュウ (nyuu),はい / い (hai / i),,
32,kanji,N5,生,sei,Vida / Nacer,セイ / ショウ (sei / shou),い / う / なま (i / u / nama),,
33,kanji,N5,学,gaku,Estudiar,ガク (gaku),まな (mana),,
34,kanji,N5,校,kou,Escuela,コウ (kou),-,,
35,kanji,N5,先,sen,Antes / Futuro,セン (sen),さき (saki),,
36,kanji,N5,男,dan,Hombre,ダン / ナン (dan / nan),おとこ (otoko),,
37,kanji,N5,女,jo,Mujer,ジョ (jo),おんな (onna),,
38,kanji,N5,子,shi,Niño,シ / ス (shi / su),こ (ko),,
39,kanji,N5,車,sha,Coche / Vehículo,シャ (sha),くるま (kuruma),,
40,kanji,N5,気,ki,Energia / Espiritu,キ / ケ (ki / ke),-,,
41,kanji,N5,北,kita,Norte,ホク (hoku),きた (kita),,
42,kanji,N5,南,minami,Sur,ナン (nan),みなみ (minami),,
43,kanji,N5,西,nishi,Oeste,セイ / サイ (sei / sai),にし (nishi),,
44,kanji,N5,東,higashi,Este,トウ (tou),ひがし (higashi),,
45,kanji,N5,上,ue,Arriba,ジョウ (jou),うえ / かみ / あ (ue / kami / a),,
46,kanji,N5,下,shita,Abajo,カ / ゲ (ka / ge),した / しも / さ (shita / shimo / sa),,
47,kanji,N5,左,hidari,Izquierda,サ (sa),ひだり (hidari),,
48,kanji,N5,右,migi,Derecha,ウ / ユウ (u / yuu),みぎ (migi),,
49,kanji,N5,前,mae,Antes / Frente,ゼン (zen),まえ (mae),,
50,kanji,N5,後,ushiro,Después / Atrás,ゴ / コウ (go / kou),うしろ / あと (ushiro / ato),,
51,kanji,N5,午,go,Mediodia,ゴ (go),-,,
52,kanji,N5,門,mon,Puerta / Portal,モン (mon),かど (kado),,
53,kanji,N5,間,aida,Intervalo / Espacio,カン / ケン (kan / ken),あいだ / ま (aida / ma),,
54,kanji,N5,聞,bun,Escuchar,ブン / モン (bun / mon),き (ki),,
55,kanji,N5,見,ken,Ver,ケン (ken),み (mi),,
56,kanji,N5,行,kou,Ir,コウ / ギョウ (kou / gyou),い / ゆ (i / yu),,
57,kanji,N5,来,rai,Venir,ライ (rai),く / き / こ (ku / ki / ko),,
58,kanji,N5,食,shoku,Comer,ショク (shoku),た (ta),,
59,kanji,N5,飲,in,Beber,イン (in),の (no),,
60,kanji,N5,買,ka,Comprar,バイ (bai),か (ka),,
61,kanji,N5,話,wa,Hablar,ワ (wa),はな / はなし (hana / hanashi),,
62,kanji,N5,語,go,Idioma / Palabra,ゴ (go),かた (kata),,
63,kanji,N5,読,yomu,Leer,ドク (doku),よ (yo),,
64,kanji,N5,書,kaku,Escribir,ショ (sho),か (ka),,
65,kanji,N5,友,tomo,Amigo,ユウ (yuu),とも (tomo),,
66,kanji,N5,足,ashi,Pie / Pierna,ソク (soku),あし (ashi),,
67,kanji,N5,目,me,Ojo,モク (moku),め (me),,
68,kanji,N5,耳,mimi,Oreja,ジ (ji),みみ (mimi),,
69,kanji,N5,安,yasui,Barato / Seguro,アン (an),やす (yasu),,
70,kanji,N5,口,kuchi,Boca,コウ / ク (kou / ku),くち (kuchi),,
71,kanji,N5,手,te,Mano,シュ (shu),て (te),,
72,kanji,N5,白,shiro,Blanco,ハク (haku),しろ (shiro),,
73,kanji,N5,新,shin,Nuevo,シン (shin),あたら (atara),,
74,kanji,N5,古,furui,Viejo,コ (ko),ふる (furu),,
75,kanji,N5,高,takai,Alto / Caro,コウ (kou),たか (taka),,
76,kanji,N5,多,ooui,Mucho,タ (ta),おお (oo),,
77,kanji,N5,少,sukunai,Poco,ショウ (shou),すく / すこ (suku / suko),,
78,kanji,N5,何,nani,Que,カ (ka),なに / なん (nani / nan),,
79,kanji,N5,時,toki,Tiempo / Hora,ジ (ji),とき (toki),,
80,kanji,N5,分,fun,Minuto / Dividir,ブン / フン (bun / fun),わ (wa),,
81,kanji,N4,会,kai,Reunión / Encontrarse,カイ / エ (kai / e),あ (a),,
82,kanji,N4,同,dou,Mismo / Igual,ドウ (dou),おな (ona),,
83,kanji,N4,事,koto,Cosa / Asunto,ジ / ズ (ji / zu),こと (koto),,
84,kanji,N4,自,ji,Uno mismo,ジ / シ (ji / shi),みずか (mizuka),,
85,kanji,N4,社,sha,Empresa / Santuario,シャ (sha),やしろ (yashiro),,
86,kanji,N4,発,hatsu,Salida / Emisión,ハツ / ホツ (hatsu / hotsu),-,,
87,kanji,N4,者,mono,Persona,シャ (sha),もの (mono),,
88,kanji,N4,地,chi,Tierra / Lugar,チ / ジ (chi / ji),-,,
89,kanji,N4,業,gyou,Trabajo / Industria,ギョウ / ゴウ (gyou / gou),わざ (waza),,
90,kanji,N4,方,kata,Dirección / Forma,ホウ (hou),かた (kata),,
91,kanji,N4,場,ba,Lugar,ジョウ (jou),ば (ba),,
92,kanji,N4,員,in,Miembro,イン (in),-,,
93,kanji,N4,立,tatsu,Levantarse / Estar de pie,リツ / リュウ (ritsu / ryuu),た (ta),,
94,kanji,N4,開,hiraku,Abrir,カイ (kai),ひら / あ (hira / a),,
95,kanji,N4,力,chikara,Fuerza,リョク / リキ (ryoku / riki),ちから (chikara),,
96,kanji,N4,問,tou,Pregunta / Problema,モン (mon),と (to),,
97,kanji,N4,代,dai,Generación / Sustituto,ダイ / タイ (dai / tai),か / よ / しろ (ka / yo / shiro),,
98,kanji,N4,明,akarui,Claro / Brillante,メイ / ミョウ (mei / myou),あか / あ (aka / a),,
99,kanji,N4,文,bun,Texto / Frase,ブン / モン (bun / mon),ふみ (fumi),,
100,kanji,N4,使,tsukau,Usar,シ (shi),つか (tsuka),,
101,kanji,N4,私,watashi,Yo / Privado,シ (shi),わたし / わたくし (watashi / watakushi),,
102,kanji,N4,家,ie,Casa / Familia,カ / ケ (ka / ke),いえ / や (ie / ya),,
103,kanji,N4,電,den,Electricidad,デン (den),-,,
104,kanji,N4,毎,mai,Cada,マイ (mai),-,,
105,kanji,N4,週,shuu,Semana,シュウ (shuu),-,,
106,kanji,N4,曜,you,Día de la semana,ヨウ (you),-,,
107,kanji,N4,言,iu,Decir / Palabra,ゲン / ゴン (gen / gon),い / こと (i / koto),,
108,kanji,N4,知,shiru,Saber / Conocer,チ (chi),し (shi),,
109,kanji,N4,思,omou,Pensar / Sentir,シ (shi),おも (omo),,
110,kanji,N4,考,kangaeru,Pensar / Considerar,コウ (kou),かんが (kanga),,
111,kanji,N4,作,tsukuru,Hacer / Crear,サク / サ (saku / sa),つく (tsuku),,
112,kanji,N4,住,sumu,Vivir / Residir,ジュウ (juu),す (su),,
113,kanji,N4,正,tadashii,Correcto / Justo,セイ / ショウ (sei / shou),ただ / まさ (tada / masa),,
114,kanji,N4,教,oshieru,Enseñar,キョウ (kyou),おし / おそ (oshi / oso),,
115,kanji,N4,歩,aruku,Caminar,ホ / ブ / フ (ho / bu / fu),ある / あゆ (aru / ayu),,
116,kanji,N4,走,hashiru,Correr,ソウ (sou),はし (hashi),,
117,kanji,N4,起,okiru,Levantarse / Ocurrir,キ (ki),お (o),,
118,kanji,N4,寝,neru,Dormir,シン (shin),ね (ne),,
119,kanji,N4,休,yasumu,Descansar,キュウ (kyuu),やす (yasu),,
120,kanji,N4,持,motsu,Tener / Sostener,ジ (ji),も (mo),,
121,kanji,N4,近,chikai,Cerca,キン (kin),ちか (chika),,
122,kanji,N4,遠,tooi,Lejos,エン / オン (en / on),とお (too),,
123,kanji,N4,速,hayai,Rápido,ソク (soku),はや (haya),,
124,kanji,N4,遅,osoi,Tarde / Lento,チ (chi),おそ / おく (oso / oku),,
125,kanji,N4,道,michi,Camino / Vía,ドウ / トウ (dou / tou),みち (michi),,
126,kanji,N4,通,tooru,Pasar / Comunicar,ツウ / ツ (tsuu / tsu),とお / かよ (too / kayo),,
127,kanji,N4,運,hakobu,Llevar / Suerte,ウン (un),はこ (hako),,
128,kanji,N4,動,ugoku,Mover,ドウ (dou),うご (ugo),,
129,kanji,N4,止,tomaru,Detener,シ (shi),と (to),,
130,kanji,N4,待,matsu,Esperar,タイ (tai),ま (ma),,
131,kanji,N4,貸,kasu,Prestar,タイ (tai),か (ka),,
132,kanji,N4,借,kariru,Pedir prestado,シャク (shaku),か (ka),,
133,kanji,N4,返,kaesu,Devolver,ヘン (hen),かえ (kae),,
134,kanji,N4,送,okuru,Enviar,ソウ (sou),おく (oku),,
135,kanji,N4,集,atsumaru,Reunir,シュウ (shuu),あつ (atsu),,
136,kanji,N4,始,hajimeru,Empezar,シ (shi),はじ (haji),,
137,kanji,N4,終,owaru,Terminar,シュウ (shuu),お (o),,
138,kanji,N4,着,tsuku,Llegar / Vestir,チャク / ジャク (chaku / jaku),つ / き (tsu / ki),,
139,kanji,N4,服,fuku,Ropa,フク (fuku),-,,
140,kanji,N4,洋,you,Occidente / Océano,ヨウ (you),-,,
141,kanji,N4,町,machi,Pueblo / Ciudad,チョウ (chou),まち (machi),,
142,kanji,N4,市,ichi,Ciudad / Mercado,シ (shi),いち (ichi),,
143,kanji,N4,村,mura,Aldea,ソン (son),むら (mura),,
144,kanji,N4,区,ku,Distrito,ク (ku),-,,
145,kanji,N4,県,ken,Prefectura,ケン (ken),-,,
146,kanji,N4,都,to,Capital / Metrópolis,ト / ツ (to / tsu),みやこ (miyako),,
147,kanji,N4,京,kyou,Capital,キョウ / ケイ (kyou / kei),-,,
148,kanji,N4,店,mise,Tienda,テン (ten),みせ (mise),,
149,kanji,N4,駅,eki,Estación,エキ (eki),-,,
150,kanji,N4,銀,gin,Plata,ギン (gin),-,,
151,kanji,N4,病,byou,Enfermedad,ビョウ / ヘイ (byou / hei),や (ya),,
152,kanji,N4,院,in,Institución / Hospital,イン (in),-,,
153,kanji,N4,医,i,Medicina / Médico,イ (i),-,,
154,kanji,N4,薬,kusuri,Medicina,ヤク (yaku),くすり (kusuri),,
155,kanji,N4,室,shitsu,Habitación / Sala,シツ (shitsu),むろ (muro),,
156,kanji,N4,屋,ya,Tienda / Techo,オク (oku),や (ya),,
157,kanji,N4,堂,dou,Salón / Templo,ドウ (dou),-,,
158,kanji,N4,旅,tabi,Viaje,リョ (ryo),たび (tabi),,
159,kanji,N4,物,mono,Cosa / Objeto,ブツ / モツ (butsu / motsu),もの (mono),,
160,kanji,N4,品,shina,Producto / Artículo,ヒン (hin),しな (shina),,
161,kanji,N4,理,ri,Razón / Lógica,リ (ri),-,,
162,kanji,N4,体,karada,Cuerpo,タイ (tai),からだ (karada),,
163,kanji,N4,田,ta,Campo de arroz,デン (den),た (ta),,
164,kanji,N4,主,omo,Principal / Dueño,シュ (shu),おも / ぬし (omo / nushi),,
165,kanji,N4,題,dai,Tema / Título,ダイ (dai),-,,
166,kanji,N4,意,i,Idea / Significado,イ (i),-,,
167,kanji,N4,不,fu,No / Negación,フ / ブ (fu / bu),-,,
168,kanji,N4,用,you,Uso / Asunto,ヨウ (you),もち (mochi),,
169,kanji,N4,度,do,Grado / Vez,ド / タク (do / taku),たび (tabi),,
170,kanji,N4,強,tsuyoi,Fuerte,キョウ / ゴウ (kyou / gou),つよ (tsuyo),,
171,kanji,N4,公,kou,Público,コウ (kou),おおやけ (ooyake),,
172,kanji,N4,野,no,Campo / Silvestre,ヤ (ya),の (no),,
173,kanji,N4,以,i,Por medio / Desde,イ (i),もっ (mo),,
174,kanji,N4,世,yo,Mundo / Generación,セイ / セ (sei / se),よ (yo),,
175,kanji,N4,心,kokoro,Corazón / Mente,シン (shin),こころ (kokoro),,
176,kanji,N4,界,kai,Mundo / Límite,カイ (kai),-,,
177,kanji,N4,元,moto,Origen / Antiguo,ゲン / ガン (gen / gan),もと (moto),,
178,kanji,N4,重,omoi,Pesado / Importante,ジュウ / チョウ (juu / chou),おも / かさ (omo / kasa),,
179,kanji,N4,画,ga,Dibujo / Imagen,ガ / カク (ga / kaku),-,,
180,kanji,N4,海,umi,Mar,カイ (kai),うみ (umi),,
181,kanji,N4,売,uru,Vender,バイ (bai),う (u),,
182,kanji,N4,別,betsu,Separado / Diferente,ベツ (betsu),わか (waka),,
183,kanji,N4,計,kei,Medir / Plan,ケイ (kei),はか (haka),,
184,kanji,N4,死,shinu,Muerte / Morir,シ (shi),し (shi),,
185,kanji,N4,特,toku,Especial,トク (toku),-,,
186,kanji,N4,朝,asa,Mañana,チョウ (chou),あさ (asa),,
187,kanji,N4,台,dai,Base / Contador,ダイ / タイ (dai / tai),うてな (utena),,
188,kanji,N4,広,hiroi,Amplio,コウ (kou),ひろ (hiro),,
189,kanji,N4,無,nai,Nada / Sin,ム / ブ (mu / bu),な (na),,
190,kanji,N4,真,ma,Verdad / Real,シン (shin),ま / まこと (ma / makoto),,
191,kanji,N4,有,aru,Tener / Existir,ユウ / ウ (yuu / u),あ (a),,
192,kanji,N4,料,ryou,Tarifa / Material,リョウ (ryou),-,,
193,kanji,N4,工,kou,Trabajo / Construcción,コウ / ク (kou / ku),-,,
194,kanji,N4,建,tateru,Construir,ケン / コン (ken / kon),た (ta),,
195,kanji,N4,空,sora,Cielo / Vacío,クウ (kuu),そら / あ / から (sora / a / kara),,
196,kanji,N4,急,isogu,Urgente / Apurarse,キュウ (kyuu),いそ (iso),,
197,kanji,N4,切,kiru,Cortar,セツ / サイ (setsu / sai),き (ki),,
198,kanji,N4,転,korogaru,Girar / Cambiar,テン (ten),ころ (koro),,
199,kanji,N4,研,togu,Investigar / Pulir,ケン (ken),と (to),,
200,kanji,N4,究,kyuu,Investigar / Profundizar,キュウ (kyuu),-,,
201,kanji,N4,楽,raku,Divertido / Música,ガク / ラク (gaku / raku),たの (tano),,
202,kanji,N4,質,shitsu,Calidad / Pregunta,シツ / シチ (shitsu / shichi),たち / ただ (tachi / tada),,
203,kanji,N4,試,tamesu,Probar / Examen,シ (shi),こころ / ため (kokoro / tame),,
204,kanji,N4,族,zoku,Familia / Tribu,ゾク (zoku),-,,
205,kanji,N4,早,hayai,Temprano / Rápido,ソウ / サッ (sou / sa),はや (haya),,
206,kanji,N4,映,utsuru,Reflejar / Proyectar,エイ (ei),うつ / は (utsu / ha),,
207,kanji,N4,親,oya,Padre / Cercano,シン (shin),おや / した (oya / shita),,
208,kanji,N4,験,ken,Prueba / Efecto,ケン / ゲン (ken / gen),-,,
209,kanji,N4,英,ei,Inglés / Excelente,エイ (ei),-,,
210,kanji,N4,仕,tsukaeru,Servir / Hacer,シ (shi),つか (tsuka),,
211,kanji,N4,去,saru,Irse / Pasado,キョ / コ (kyo / ko),さ (sa),,
212,kanji,N4,味,aji,Sabor / Sentido,ミ (mi),あじ / あじわ (aji / ajiwa),,
213,kanji,N4,写,utsusu,Copiar / Fotografiar,シャ (sha),うつ (utsu),,
214,kanji,N4,字,ji,Carácter / Letra,ジ (ji),あざ (aza),,
215,kanji,N4,答,kotaeru,Respuesta,トウ (tou),こた (kota),,
216,kanji,N4,夜,yoru,Noche,ヤ (ya),よ / よる (yo / yoru),,
217,kanji,N4,音,oto,Sonido,オン / イン (on / in),おと / ね (oto / ne),,
218,kanji,N4,注,sosogu,Verter / Atención,チュウ (chuu),そそ / さ (soso / sa),,
219,kanji,N4,帰,kaeru,Regresar,キ (ki),かえ (kae),,
220,kanji,N4,歌,uta,Canción,カ (ka),うた (uta),,
221,kanji,N4,悪,warui,Malo,アク / オ (aku / o),わる (waru),,
222,kanji,N4,図,zu,Mapa / Dibujo,ズ / ト (zu / to),はか (haka),,
223,kanji,N4,風,kaze,Viento / Estilo,フウ / フ (fuu / fu),かぜ / かざ (kaze / kaza),,
224,kanji,N4,紙,kami,Papel,シ (shi),かみ (kami),,
225,kanji,N4,黒,kuro,Negro,コク (koku),くろ (kuro),,
226,kanji,N4,花,hana,Flor,カ (ka),はな (hana),,
227,kanji,N4,春,haru,Primavera,シュン (shun),はる (haru),,
228,kanji,N4,赤,aka,Rojo,セキ / シャク (seki / shaku),あか (aka),,
229,kanji,N4,青,ao,Azul / Verde,セイ / ショウ (sei / shou),あお (ao),,
230,kanji,N4,館,kan,Edificio / Sala,カン (kan),やかた (yakata),,
231,kanji,N4,色,iro,Color,ショク / シキ (shoku / shiki),いろ (iro),,
232,kanji,N4,秋,aki,Otoño,シュウ (shuu),あき (aki),,
233,kanji,N4,夏,natsu,Verano,カ / ゲ (ka / ge),なつ (natsu),,
234,kanji,N4,習,narau,Aprender,シュウ (shuu),なら (nara),,
235,kanji,N4,夕,yuu,Tarde / Atardecer,セキ (seki),ゆう (yuu),,
236,kanji,N4,肉,niku,Carne,ニク (niku),しし (shishi),,
237,kanji,N4,鳥,tori,Pájaro,チョウ (chou),とり (tori),,
238,kanji,N4,飯,meshi,Comida / Arroz,ハン (han),めし (meshi),,
239,kanji,N4,勉,ben,Esfuerzo,ベン (ben),つと (tsuto),,
240,kanji,N4,冬,fuyu,Invierno,トウ (tou),ふゆ (fuyu),,
241,kanji,N4,昼,hiru,Mediodía / Día,チュウ (chuu),ひる (hiru),,
242,kanji,N4,茶,cha,Té,チャ / サ (cha / sa),-,,
243,kanji,N4,弟,otouto,Hermano menor,テイ / ダイ / デ (tei / dai / de),おとうと (otouto),,
244,kanji,N4,牛,ushi,Vaca,ギュウ (gyuu),うし (ushi),,
245,kanji,N4,魚,sakana,Pez / Pescado,ギョ (gyo),うお / さかな (uo / sakana),,
246,kanji,N4,兄,ani,Hermano mayor,ケイ / キョウ (kei / kyou),あに (ani),,
247,kanji,N4,犬,inu,Perro,ケン (ken),いぬ (inu),,
248,kanji,N4,妹,imouto,Hermana menor,マイ (mai),いもうと (imouto),,
249,kanji,N4,姉,ane,Hermana mayor,シ (shi),あね (ane),,
250,kanji,N4,漢,kan,Chino / Kanji,カン (kan),-,,
251,kanji,N3,政,sei,Política / Gobierno,セイ (sei),まつりごと (matsurigoto),,
252,kanji,N3,議,gi,Deliberación / Debate,ギ (gi),-,,
253,kanji,N3,民,min,Pueblo / Nación,ミン (min),たみ (tami),,
254,kanji,N3,連,ren,Llevar consigo / Conectar,レン (ren),つら / つ (tsura / tsu),,
255,kanji,N3,対,tai,Opuesto / Versus,タイ / ツイ (tai / tsui),-,,
256,kanji,N3,部,bu,Sección / Departamento,ブ (bu),-,,
257,kanji,N3,合,gou,Encajar / Unirse,ゴウ / ガッ / カッ (gou / gat / kat),あ / あい (a / ai),,
258,kanji,N3,内,nai,Interior / Dentro,ナイ (nai),うち (uchi),,
259,kanji,N3,相,sou,Mutuo / Juntos,ソウ / ショウ (sou / shou),あい (ai),,
260,kanji,N3,定,tei,Determinar / Fijar,テイ / ジョウ (tei / jou),さだ (sada),,
261,kanji,N3,回,kai,Vez / Girar,カイ (kai),まわ (mawa),,
262,kanji,N3,選,sen,Elegir / Seleccionar,セン (sen),えら (era),,
263,kanji,N3,米,bei,Arroz / Estados Unidos,ベイ / マイ (bei / mai),こめ (kome),,
264,kanji,N3,実,jitsu,Realidad / Fruto,ジツ (jitsu),み / みの (mi / mino),,
265,kanji,N3,関,kan,Conexión / Relación,カン (kan),せき / かか (seki / kaka),,
266,kanji,N3,決,ketsu,Decidir / Determinar,ケツ (ketsu),き (ki),,
267,kanji,N3,全,zen,Entero / Completo,ゼン (zen),まった / すべ (matta / sube),,
268,kanji,N3,表,hyou,Superficie / Tabla,ヒョウ (hyou),おもて / あらわ (omote / arawa),,
269,kanji,N3,戦,sen,Guerra / Batalla,セン (sen),いくさ / たたか (ikusa / tataka),,
270,kanji,N3,経,kei,Transcurrir / Experimentar,ケイ (kei),へ / た (he / ta),,
271,kanji,N3,最,sai,Más / Sumamente,サイ (sai),もっと (motto),,
272,kanji,N3,現,gen,Presente / Actual,ゲン (gen),あらわ / うつ (arawa / utsu),,
273,kanji,N3,調,chou,Investigar / Ajustar,チョウ (chou),しら / ととの (shira / totono),,
274,kanji,N3,化,ka,Cambiar / Transformar,カ / ケ (ka / ke),ば / ふ (ba / fu),,
275,kanji,N3,当,tou,Acertar / Apropiado,トウ (tou),あ (a),,
276,kanji,N3,約,yaku,Promesa / Aproximadamente,ヤク (yaku),つづ (tsudu),,
277,kanji,N3,首,shu,Cuello,シュ (shu),くび (kubi),,
278,kanji,N3,法,hou,Método / Ley,ホウ (hou),のり (nori),,
279,kanji,N3,性,sei,Naturaleza / Género,セイ / ショウ (sei / shou),-,,
280,kanji,N3,的,teki,Objetivo / Blanco,テキ (teki),-,,
281,kanji,N3,要,you,Necesario / Esencial,ヨウ (you),い / かなめ (i / kaname),,
282,kanji,N3,制,sei,Sistema / Regulación,セイ (sei),-,,
283,kanji,N3,治,ji,Gobernar / Curar,ジ / チ (ji / chi),おさ / なお (osa / nao),,
284,kanji,N3,務,mu,Deber / Tarea,ム (mu),つと (tsuto),,
285,kanji,N3,成,sei,Convertirse / Lograr,セイ / ジョウ (sei / jou),な (na),,
286,kanji,N3,期,ki,Período / Plazo,キ / ゴ (ki / go),-,,
287,kanji,N3,取,shu,Tomar / Coger,シュ (shu),と (to),,
288,kanji,N3,和,wa,Armonía / Paz,ワ / オ (wa / o),やわ / なご (yawa / nago),,
289,kanji,N3,機,ki,Máquina / Oportunidad,キ (ki),はた (hata),,
290,kanji,N3,平,hei,Plano / Paz,ヘイ / ビョウ (hei / byou),たい / ひら (tai / hira),,
291,kanji,N3,加,ka,Añadir / Sumar,カ (ka),くわ (kuwa),,
292,kanji,N3,受,ju,Recibir / Aceptar,ジュ (ju),う (u),,
293,kanji,N3,続,zoku,Continuar / Serie,ゾク (zoku),つづ (tsudu),,
294,kanji,N3,進,shin,Avanzar / Progresar,シン (shin),すす (susu),,
295,kanji,N3,数,suu,Número / Cifra,スウ (suu),かず / かぞ (kazu / kazo),,
296,kanji,N3,記,ki,Registrar / Anotar,キ (ki),しる (shiru),,
297,kanji,N3,初,sho,Primero / Comienzo,ショ (sho),はじ / はつ (haji / hatsu),,
298,kanji,N3,指,shi,Dedo / Señalar,シ (shi),ゆび / さ (yubi / sa),,
299,kanji,N3,権,ken,Autoridad / Derecho,ケン (ken),-,,
300,kanji,N3,支,shi,Apoyar / Sostener,シ (shi),ささ (sasa),,
301,kanji,N3,産,san,Producir / Dar a luz,サン (san),う / む (u / mu),,
302,kanji,N3,点,ten,Punto / Marca,テン (ten),つ (tsu),,
303,kanji,N3,報,hou,Informe / Noticia,ホウ (hou),むく (muku),,
304,kanji,N3,済,sai,Terminar / Saldar,サイ / セイ (sai / sei),す (su),,
305,kanji,N3,活,katsu,Vivir / Actividad,カツ (katsu),-,,
306,kanji,N3,原,gen,Origen / Llanura,ゲン (gen),はら (hara),,
307,kanji,N3,共,kyou,Juntos / En común,キョウ (kyou),とも (tomo),,
308,kanji,N3,得,toku,Obtener / Ganar,トク (toku),え (e),,
309,kanji,N3,解,kai,Resolver / Comprender,カイ / ゲ (kai / ge),と / ほど (to / hodo),,
310,kanji,N3,交,kou,Mezclar / Intercambiar,コウ (kou),まじ / ま / か (maji / ma / ka),,
311,kanji,N3,資,shi,Recursos / Capital,シ (shi),-,,
312,kanji,N3,予,yo,Previo / Anticipado,ヨ / シャ (yo / sha),あらかじ (arakaji),,
313,kanji,N3,向,kou,Dirigirse / Orientarse,コウ (kou),む / むか (mu / muka),,
314,kanji,N3,際,sai,Ocasión / Momento,サイ (sai),きわ (kiwa),,
315,kanji,N3,勝,shou,Victoria / Ganar,ショウ (shou),か / まさ (ka / masa),,
316,kanji,N3,面,men,Cara / Superficie,メン (men),おも / おもて / つら (omo / omote / tsura),,
317,kanji,N3,告,koku,Informar / Anunciar,コク (koku),つ (tsu),,
318,kanji,N3,反,han,Anti- / Contrario,ハン (han),そ (so),,
319,kanji,N3,判,han,Juicio / Sello,ハン (han),-,,
320,kanji,N3,認,nin,Reconocer / Admitir,ニン (nin),みと / したた (mito / shitata),,
321,kanji,N3,参,san,Participar / Asistir,サン (san),まい (mai),,
322,kanji,N3,利,ri,Beneficio / Ventaja,リ (ri),き (ki),,
323,kanji,N3,組,so,Ensamblar / Grupo,ソ (so),く / くみ (ku / kumi),,
324,kanji,N3,信,shin,Confianza / Fe,シン (shin),-,,
325,kanji,N3,在,zai,Existir / Estar,ザイ (zai),あ (a),,
326,kanji,N3,件,ken,Asunto / Caso,ケン (ken),-,,
327,kanji,N3,側,soku,Lado / Costado,ソク (soku),がわ / そば (gawa / soba),,
328,kanji,N3,任,nin,Responsabilidad / Confiar,ニン (nin),まか (maka),,
329,kanji,N3,引,in,Tirar / Jalar,イン (in),ひ (hi),,
330,kanji,N3,求,kyuu,Pedir / Exigir,キュウ (kyuu),もと (moto),,
331,kanji,N3,所,sho,Lugar / Sitio,ショ (sho),ところ (tokoro),,
332,kanji,N3,次,ji,Siguiente / Próximo,ジ / シ (ji / shi),つ / つぎ (tsu / tsugi),,
333,kanji,N3,昨,saku,Anterior / Pasado,サク (saku),-,,
334,kanji,N3,論,ron,Argumento / Debate,ロン (ron),-,,
335,kanji,N3,官,kan,Funcionario / Órgano,カン (kan),-,,
336,kanji,N3,増,zou,Aumentar / Incrementar,ゾウ (zou),ま / ふ (ma / fu),,
337,kanji,N3,係,kei,Encargado / Relación,ケイ (kei),かか / かかり (kaka / kakari),,
338,kanji,N3,感,kan,Sentimiento / Sensación,カン (kan),-,,
339,kanji,N3,情,jou,Emoción / Sentimiento,ジョウ / セイ (jou / sei),なさ (nasa),,
340,kanji,N3,投,tou,Lanzar / Arrojar,トウ (tou),な (na),,
341,kanji,N3,示,ji,Mostrar / Indicar,ジ / シ (ji / shi),しめ (shime),,
342,kanji,N3,変,hen,Cambiar / Extraño,ヘン (hen),か (ka),,
343,kanji,N3,打,da,Golpear / Batear,ダ (da),う / ぶ (u / bu),,
344,kanji,N3,直,choku,Directo / Reparar,チョク / ジキ (choku / jiki),ただ / す (tada / su),,
345,kanji,N3,両,ryou,Ambos,リョウ (ryou),-,,
346,kanji,N3,式,shiki,Ceremonia / Estilo,シキ (shiki),-,,
347,kanji,N3,確,kaku,Confirmar / Seguro,カク (kaku),たし (tashi),,
348,kanji,N3,果,ka,Resultado / Fruto,カ (ka),は (ha),,
349,kanji,N3,容,you,Contener / Forma,ヨウ (you),-,,
350,kanji,N3,必,hitsu,Necesario / Inevitable,ヒツ (hitsu),かなら (kanara),,
351,kanji,N3,演,en,Actuar / Interpretar,エン (en),-,,
352,kanji,N3,歳,sai,Edad / Años,サイ / セイ (sai / sei),-,,
353,kanji,N3,争,sou,Disputar / Competir,ソウ (sou),あらそ (araso),,
354,kanji,N3,談,dan,Conversar / Discutir,ダン (dan),-,,
355,kanji,N3,能,nou,Capacidad / Habilidad,ノウ (nou),あた (ata),,
356,kanji,N3,位,i,Rango / Posición,イ (i),くらい / ぐらい (kurai / gurai),,
357,kanji,N3,置,chi,Colocar / Ubicación,チ (chi),お (o),,
358,kanji,N3,流,ryuu,Fluir / Corriente,リュウ / ル (ryuu / ru),なが (naga),,
359,kanji,N3,格,kaku,Estatus / Categoría,カク / コウ / キャク (kaku / kou / kyaku),-,,
360,kanji,N3,疑,gi,Dudar / Sospechar,ギ (gi),うたが (utaga),,
361,kanji,N3,過,ka,Exceder / Pasar,カ (ka),す / よぎ (su / yogi),,
362,kanji,N3,局,kyoku,Oficina / Departamento,キョク (kyoku),-,,
363,kanji,N3,放,hou,Liberar / Soltar,ホウ (hou),はな / ほう (hana / hou),,
364,kanji,N3,常,jou,Habitual / Normal,ジョウ (jou),つね (tsune),,
365,kanji,N3,状,jou,Estado / Forma,ジョウ (jou),-,,
366,kanji,N3,球,kyuu,Pelota / Esfera,キュウ (kyuu),たま (tama),,
367,kanji,N3,職,shoku,Empleo / Puesto,ショク (shoku),-,,
368,kanji,N3,与,yo,Dar / Otorgar,ヨ (yo),あた / あずか (ata / azuka),,
369,kanji,N3,供,kyou,Ofrecer / Acompañar,キョウ / ク / クウ (kyou / ku / kuu),そな / とも (sona / tomo),,
370,kanji,N3,役,yaku,Papel / Deber,ヤク / エキ (yaku / eki),-,,
371,kanji,N3,構,kou,Construir / Postura,コウ (kou),かま (kama),,
372,kanji,N3,割,katsu,Dividir / Proporción,カツ (katsu),わ / わり (wa / wari),,
373,kanji,N3,身,shin,Cuerpo / Persona,シン (shin),み (mi),,
374,kanji,N3,費,hi,Gasto / Consumir,ヒ (hi),つい (tsui),,
375,kanji,N3,付,fu,Adjuntar / Pegar,フ (fu),つ (tsu),,
376,kanji,N3,由,yu,Razón / Motivo,ユ / ユウ (yu / yuu),よし / よ (yoshi / yo),,
377,kanji,N3,説,setsu,Teoría / Explicación,セツ / ゼイ (setsu / zei),と (to),,
378,kanji,N3,難,nan,Difícil / Problema,ナン (nan),かた / むずか / にく (kata / muzuka / niku),,
379,kanji,N3,優,yuu,Amable / Excelente,ユウ / ウ (yuu / u),やさ / すぐ (yasa / sugu),,
380,kanji,N3,夫,fu,Esposo / Hombre,フ / フウ (fu / fuu),おっと (otto),,
381,kanji,N3,収,shuu,Ingreso / Recolectar,シュウ (shuu),おさ (osa),,
382,kanji,N3,断,dan,Rechazar / Cortar,ダン (dan),た / ことわ (ta / kotowa),,
383,kanji,N3,石,seki,Piedra,セキ / シャク / コク (seki / shaku / koku),いし (ishi),,
384,kanji,N3,違,i,Diferir / Diferencia,イ (i),ちが / たが (chiga / taga),,
385,kanji,N3,消,shou,Apagar / Extinguir,ショウ (shou),き / け (ki / ke),,
386,kanji,N3,神,shin,Dios / Espíritu,シン / ジン (shin / jin),かみ (kami),,
387,kanji,N3,番,ban,Turno / Número,バン (ban),つが (tsuga),,
388,kanji,N3,規,ki,Norma / Estándar,キ (ki),-,,
389,kanji,N3,術,jutsu,Técnica / Arte,ジュツ (jutsu),すべ (sube),,
390,kanji,N3,備,bi,Preparar / Equipar,ビ (bi),そな (sona),,
391,kanji,N3,宅,taku,Casa / Residencia,タク (taku),-,,
392,kanji,N3,害,gai,Daño / Perjuicio,ガイ (gai),-,,
393,kanji,N3,配,hai,Distribuir / Repartir,ハイ (hai),くば (kuba),,
394,kanji,N3,警,kei,Advertir / Vigilar,ケイ (kei),-,,
395,kanji,N3,育,iku,Criar / Educar,イク (iku),そだ / はぐく (soda / haguku),,
396,kanji,N3,席,seki,Asiento,セキ (seki),むしろ (mushiro),,
397,kanji,N3,訪,hou,Visitar,ホウ (hou),おとず / たず (otozu / tazu),,
398,kanji,N3,乗,jou,Subir (a un vehículo),ジョウ / ショウ (jou / shou),の (no),,
399,kanji,N3,残,zan,Restante / Sobrar,ザン (zan),のこ (noko),,
400,kanji,N3,想,sou,Pensar / Idea,ソウ / ソ (sou / so),おも (omo),,
401,kanji,N3,声,sei,Voz,セイ / ショウ (sei / shou),こえ (koe),,
402,kanji,N3,助,jo,Ayudar / Rescatar,ジョ (jo),たす (tasu),,
403,kanji,N3,労,rou,Trabajo / Esfuerzo,ロウ (rou),ろう / いたわ / ねぎら (rou / itawa / negira),,
404,kanji,N3,例,rei,Ejemplo,レイ (rei),たと (tato),,
405,kanji,N3,然,zen,Así / Natural,ゼン / ネン (zen / nen),しか / さ (shika / sa),,
406,kanji,N3,限,gen,Límite / Restringir,ゲン (gen),かぎ (kagi),,
407,kanji,N3,追,tsui,Perseguir / Añadir,ツイ (tsui),お (o),,
408,kanji,N3,商,shou,Comercio / Mercader,ショウ (shou),あきな (akina),,
409,kanji,N3,葉,you,Hoja / Palabra,ヨウ (you),は (ha),,
410,kanji,N3,伝,den,Transmitir / Comunicar,デン (den),つた (tsuta),,
411,kanji,N3,働,dou,Trabajar,ドウ (dou),はたら (hatara),,
412,kanji,N3,形,kei,Forma / Estilo,ケイ / ギョウ (kei / gyou),かた / かたち / なり (kata / katachi / nari),,
413,kanji,N3,景,kei,Paisaje / Vista,ケイ / ケ (kei / ke),-,,
414,kanji,N3,落,raku,Caer,ラク (raku),お (o),,
415,kanji,N3,好,kou,Gustar / Agradable,コウ (kou),この / す (kono / su),,
416,kanji,N3,退,tai,Retirarse / Retroceder,タイ (tai),しりぞ / ひ / の / ど (shirizo / hi / no / do),,
417,kanji,N3,頭,tou,Cabeza,トウ / ズ / ト (tou / zu / to),あたま / かしら (atama / kashira),,
418,kanji,N3,負,fu,Perder / Negativo,フ (fu),ま / お (ma / o),,
419,kanji,N3,渡,to,Cruzar / Atravesar,ト (to),わた (wata),,
420,kanji,N3,失,shitsu,Perder / Fallo,シツ (shitsu),うしな / う (ushina / u),,
421,kanji,N3,差,sa,Diferencia / Variación,サ (sa),さ (sa),,
422,kanji,N3,末,matsu,Fin / Extremo,マツ (matsu),すえ (sue),,
423,kanji,N3,守,shu,Proteger / Guardar,シュ / ス (shu / su),まも / もり (mamo / mori),,
424,kanji,N3,若,jaku,Joven,ジャク (jaku),わか / も (waka / mo),,
425,kanji,N3,種,shu,Semilla / Tipo,シュ (shu),たね (tane),,
426,kanji,N3,美,bi,Belleza / Hermoso,ビ / ミ (bi / mi),うつく (utsuku),,
427,kanji,N3,命,mei,Vida / Destino,メイ / ミョウ (mei / myou),いのち (inochi),,
428,kanji,N3,福,fuku,Fortuna / Bendición,フク (fuku),-,,
429,kanji,N3,望,bou,Esperanza / Deseo,ボウ (bou),のぞ / もち (nozo / mochi),,
430,kanji,N3,非,hi,No- / Negativo,ヒ (hi),あら (ara),,
431,kanji,N3,観,kan,Perspectiva / Vista,カン (kan),み (mi),,
432,kanji,N3,察,satsu,Suponer / Observar,サツ (satsu),-,,
433,kanji,N3,段,dan,Escalón / Grado,ダン (dan),-,,
434,kanji,N3,横,ou,Lado / Horizontal,オウ (ou),よこ (yoko),,
435,kanji,N3,深,shin,Profundo,シン (shin),ふか (fuka),,
436,kanji,N3,申,shin,Decir (humilde) / Solicitar,シン (shin),もう / さる (mou / saru),,
437,kanji,N3,様,you,Manera / Situación,ヨウ (you),さま / さん (sama / san),,
438,kanji,N3,財,zai,Bienes / Riqueza,ザイ / サイ / ゾク (zai / sai / zoku),-,,
439,kanji,N3,港,kou,Puerto,コウ (kou),みなと (minato),,
440,kanji,N3,識,shiki,Conocer / Conocimiento,シキ (shiki),し (shi),,
441,kanji,N3,呼,ko,Llamar / Invocar,コ (ko),よ (yo),,
442,kanji,N3,達,tatsu,Alcanzar / Lograr,タツ / ダ (tatsu / da),たち (tachi),,
443,kanji,N3,良,ryou,Bueno,リョウ (ryou),よ / い (yo / i),,
444,kanji,N3,阪,han,Cuesta / Pendiente,ハン (han),さか (saka),,
445,kanji,N3,候,kou,Clima / Temporada,コウ (kou),そうろう (sourou),,
446,kanji,N3,程,tei,Grado / Extensión,テイ (tei),ほど (hodo),,
447,kanji,N3,満,man,Lleno / Satisfacer,マン (man),み (mi),,
448,kanji,N3,敗,hai,Derrota / Fracaso,ハイ (hai),やぶ (yabu),,
449,kanji,N3,値,chi,Valor / Precio,チ (chi),ね / あたい (ne / atai),,
450,kanji,N3,突,totsu,Sobresalir / Repentino,トツ / カ (totsu / ka),つ (tsu),,
451,kanji,N3,光,kou,Luz,コウ (kou),ひか / ひかり (hika / hikari),,
452,kanji,N3,路,ro,Camino / Ruta,ロ / ル (ro / ru),みち (michi),,
453,kanji,N3,科,ka,Departamento / Materia,カ (ka),-,,
454,kanji,N3,積,seki,Acumular / Volumen,セキ (seki),つ (tsu),,
455,kanji,N3,他,ta,Otro,タ (ta),ほか (hoka),,
456,kanji,N3,処,sho,Gestionar / Disponer,ショ (sho),-,,
457,kanji,N3,太,tai,Grueso / Gordo,タイ / タ (tai / ta),ふと (futo),,
458,kanji,N3,客,kyaku,Invitado / Cliente,キャク / カク (kyaku / kaku),-,,
459,kanji,N3,否,hi,Negar / No,ヒ (hi),いな / いや (ina / iya),,
460,kanji,N3,師,shi,Maestro / Experto,シ (shi),-,,
461,kanji,N3,登,tou,Ascender / Subir,トウ / ト (tou / to),のぼ / あ (nobo / a),,
462,kanji,N3,易,eki,Fácil / Sencillo,エキ / イ (eki / i),やさ / やす (yasa / yasu),,
463,kanji,N3,存,son,Existir / Conservar,ソン / ゾン (son / zon),-,,
464,kanji,N3,飛,hi,Volar,ヒ (hi),と (to),,
465,kanji,N3,殺,satsu,Matar,サツ / サイ (satsu / sai),ころ (koro),,
466,kanji,N3,号,gou,Número / Señal,ゴウ (gou),-,,
467,kanji,N3,単,tan,Simple / Único,タン (tan),ひとえ (hitoe),,
468,kanji,N3,座,za,Sentarse / Asiento,ザ (za),すわ (suwa),,
469,kanji,N3,破,ha,Romper / Rasgar,ハ (ha),やぶ (yabu),,
470,kanji,N3,除,jo,Excluir / Eliminar,ジョ / ジ (jo / ji),のぞ (nozo),,
471,kanji,N3,完,kan,Perfecto / Completar,カン (kan),-,,
472,kanji,N3,降,kou,Descender / Caer (lluvia),コウ / ゴ (kou / go),お / ふ (o / fu),,
473,kanji,N3,責,seki,Culpar / Reprochar,セキ (seki),せ (se),,
474,kanji,N3,捕,ho,Atrapar / Capturar,ホ (ho),と / つか (to / tsuka),,
475,kanji,N3,危,ki,Peligroso,キ (ki),あぶ / あや (abu / aya),,
476,kanji,N3,給,kyuu,Salario / Sueldo,キュウ (kyuu),たま / たも (tama / tamo),,
477,kanji,N3,苦,ku,Amargo / Sufrimiento,ク (ku),くる / にが (kuru / niga),,
478,kanji,N3,迎,gei,Recibir / Dar la bienvenida,ゲイ (gei),むか (muka),,
479,kanji,N3,園,en,Parque / Jardín,エン (en),その (sono),,
480,kanji,N3,具,gu,Herramienta / Utensilio,グ (gu),そな / つぶさ (sona / tsubusa),,
481,kanji,N3,辞,ji,Renunciar / Palabra,ジ (ji),や (ya),,
482,kanji,N3,因,in,Causa / Factor,イン (in),よ / ちな (yo / china),,
483,kanji,N3,馬,ba,Caballo,バ (ba),うま (uma),,
484,kanji,N3,愛,ai,Amor / Afecto,アイ (ai),いと / まな (ito / mana),,
485,kanji,N3,富,fu,Riqueza / Abundante,フ / フウ (fu / fuu),と / とみ (to / tomi),,
486,kanji,N3,彼,hi,Él,ヒ (hi),かれ / かの (kare / kano),,
487,kanji,N3,未,mi,Todavía no / No-,ミ / ビ (mi / bi),いま / ま (ima / ma),,
488,kanji,N3,舞,bu,Danza / Bailar,ブ (bu),ま / まい (ma / mai),,
489,kanji,N3,亡,bou,Fallecido / Difunto,ボウ / モウ (bou / mou),な (na),,
490,kanji,N3,冷,rei,Frío (al tacto) / Enfriar,レイ (rei),つめ / ひ / さ (tsume / hi / sa),,
491,kanji,N3,適,teki,Apropiado / Adecuado,テキ (teki),かな (kana),,
492,kanji,N3,婦,fu,Dama / Esposa,フ (fu),よめ (yome),,
493,kanji,N3,寄,ki,Acercarse / Reunir,キ (ki),よ (yo),,
494,kanji,N3,込,ko,Estar lleno / Mezclar,-,こ (ko),,
495,kanji,N3,顔,gan,Cara / Rostro,ガン (gan),かお (kao),,
496,kanji,N3,類,rui,Tipo / Especie,ルイ (rui),たぐ (tagu),,
497,kanji,N3,余,yo,Sobrante / Excedente,ヨ (yo),あま (ama),,
498,kanji,N3,王,ou,Rey,オウ (ou),-,,
499,kanji,N3,妻,sai,Esposa,サイ (sai),つま (tsuma),,
500,kanji,N3,背,hai,Espalda / Estatura,ハイ (hai),せ / せい (se / sei),,
501,kanji,N3,熱,netsu,Fiebre / Calor,ネツ (netsu),あつ (atsu),,
502,kanji,N3,宿,shuku,Posada / Alojamiento,シュク (shuku),やど (yado),,
503,kanji,N3,険,ken,Escarpado / Peligroso,ケン (ken),けわ (kewa),,
504,kanji,N3,頼,rai,Confiar / Pedir,ライ (rai),たの / たよ (tano / tayo),,
505,kanji,N3,覚,kaku,Recordar / Memorizar,カク (kaku),おぼ / さ (obo / sa),,
506,kanji,N3,船,sen,Barco,セン (sen),ふね / ふな (fune / funa),,
507,kanji,N3,途,to,Ruta / Camino,ト (to),みち (michi),,
508,kanji,N3,許,kyo,Permitir / Aprobar,キョ (kyo),ゆる (yuru),,
509,kanji,N3,抜,batsu,Sacar / Extraer,バツ (batsu),ぬ (nu),,
510,kanji,N3,便,ben,Correo / Conveniencia,ベン / ビン (ben / bin),たよ (tayo),,
511,kanji,N3,留,ryuu,Detener / Quedarse,リュウ / ル (ryuu / ru),と / とど (to / todo),,
512,kanji,N3,罪,zai,Crimen / Culpa,ザイ (zai),つみ (tsumi),,
513,kanji,N3,努,do,Esforzarse,ド (do),つと (tsuto),,
514,kanji,N3,精,sei,Espíritu / Energía,セイ / ショウ (sei / shou),しら (shira),,
515,kanji,N3,散,san,Dispersar / Esparcir,サン (san),ち / ばら (chi / bara),,
516,kanji,N3,静,sei,Silencioso / Tranquilo,セイ / ジョウ (sei / jou),しず (shizu),,
517,kanji,N3,婚,kon,Matrimonio,コン (kon),-,,
518,kanji,N3,喜,ki,Alegrarse,キ (ki),よろこ (yoroko),,
519,kanji,N3,浮,fu,Flotar,フ (fu),う (u),,
520,kanji,N3,絶,zetsu,Absoluto / Interrumpir,ゼツ (zetsu),た (ta),,
521,kanji,N3,幸,kou,Felicidad,コウ (kou),さいわ / さち / しあわ (saiwa / sachi / shiawa),,
522,kanji,N3,押,ou,Empujar,オウ (ou),お (o),,
523,kanji,N3,倒,tou,Caerse / Derrumbarse,トウ (tou),たお (tao),,
524,kanji,N3,等,tou,Igualdad / Etcétera,トウ (tou),ひと / など (hito / nado),,
525,kanji,N3,老,rou,Anciano / Viejo,ロウ (rou),お / ふ (o / fu),,
526,kanji,N3,曲,kyoku,Canción / Curvar,キョク (kyoku),ま (ma),,
527,kanji,N3,払,hara,Pagar,-,はら (hara),,
528,kanji,N3,庭,tei,Jardín / Patio,テイ (tei),にわ (niwa),,
529,kanji,N3,徒,to,Estudiante / A pie,ト (to),いたずら / あだ (itazura / ada),,
530,kanji,N3,勤,kin,Trabajar / Servir,キン / ゴン (kin / gon),つと (tsuto),,
531,kanji,N3,居,kyo,Residir / Estar,キョ / コ (kyo / ko),い / お (i / o),,
532,kanji,N3,雑,zatsu,Variado / Misceláneo,ザツ / ゾウ (zatsu / zou),まじ (maji),,
533,kanji,N3,招,shou,Invitar,ショウ (shou),まね (mane),,
534,kanji,N3,困,kon,Estar en apuros,コン (kon),こま (koma),,
535,kanji,N3,欠,ketsu,Ausencia / Carencia,ケツ / ケン (ketsu / ken),か (ka),,
536,kanji,N3,更,kou,Renovar / Cambio,コウ (kou),さら / ふ (sara / fu),,
537,kanji,N3,刻,koku,Grabar / Hora,コク (koku),きざ (kiza),,
538,kanji,N3,賛,san,Aprobar / Alabar,サン (san),-,,
539,kanji,N3,抱,hou,Abrazar,ホウ (hou),だ / いだ / かか (da / ida / kaka),,
540,kanji,N3,犯,han,Crimen / Delito,ハン (han),おか (oka),,
541,kanji,N3,恐,kyou,Temer / Miedo,キョウ (kyou),おそ / こわ (oso / kowa),,
542,kanji,N3,息,musu,Respiración / Aliento,ムス / ソク (musu / soku),いき (iki),,
543,kanji,N3,戻,rei,Regresar / Volver,レイ (rei),もど (modo),,
544,kanji,N3,願,gan,Desear / Pedir,ガン (gan),ねが (nega),,
545,kanji,N3,絵,kai,Dibujo / Pintura,カイ / エ (kai / e),-,,
546,kanji,N3,越,etsu,Superar / Cruzar,エツ (etsu),こ (ko),,
547,kanji,N3,欲,yoku,Deseo / Codicia,ヨク (yoku),ほ (ho),,
548,kanji,N3,痛,tsuu,Dolor,ツウ (tsuu),いた (ita),,
549,kanji,N3,笑,shou,Reír,ショウ (shou),わら / え (wara / e),,
550,kanji,N3,互,go,Mutuamente,ゴ (go),たが / かたみ (taga / katami),,
551,kanji,N3,束,soku,Ramo / Manojo,ソク (soku),たば / つか (taba / tsuka),,
552,kanji,N3,似,ji,Parecerse,ジ (ji),に (ni),,
553,kanji,N3,列,retsu,Fila / Columna,レツ / レ (retsu / re),-,,
554,kanji,N3,探,tan,Buscar,タン (tan),さぐ / さが (sagu / saga),,
555,kanji,N3,逃,tou,Huir / Escapar,トウ (tou),に / のが (ni / noga),,
556,kanji,N3,遊,yuu,Jugar,ユウ (yuu),あそ (aso),,
557,kanji,N3,迷,mei,Perderse / Dudar,メイ (mei),まよ (mayo),,
558,kanji,N3,夢,mu,Sueño,ム (mu),ゆめ (yume),,
559,kanji,N3,君,kun,Tú,クン (kun),きみ (kimi),,
560,kanji,N3,閉,hei,Cerrar,ヘイ (hei),と / し (to / shi),,
561,kanji,N3,緒,sho,Cordón / Juntos,ショ (sho),お (o),,
562,kanji,N3,折,setsu,Doblar / Romper,セツ / シャク (setsu / shaku),お / おり (o / ori),,
563,kanji,N3,草,sou,Hierba,ソウ (sou),くさ (kusa),,
564,kanji,N3,暮,bo,Vivir / Anochecer,ボ (bo),く (ku),,
565,kanji,N3,酒,shu,Alcohol / Sake,シュ (shu),さけ (sake),,
566,kanji,N3,悲,hi,Triste,ヒ (hi),かな (kana),,
567,kanji,N3,晴,sei,Despejado (clima),セイ (sei),は (ha),,
568,kanji,N3,掛,kei,Colgar,ケイ (kei),か (ka),,
569,kanji,N3,到,tou,Llegada / Alcanzar,トウ (tou),いた (ita),,
570,kanji,N3,暗,an,Oscuro,アン (an),くら (kura),,
571,kanji,N3,盗,tou,Robar,トウ (tou),ぬす (nusu),,
572,kanji,N3,吸,kyuu,Inhalar / Aspirar,キュウ (kyuu),す (su),,
573,kanji,N3,陽,you,Sol / Positivo,ヨウ (you),ひ (hi),,
574,kanji,N3,御,gyo,Honorable / Control,ギョ / ゴ (gyo / go),おん / お (on / o),,
575,kanji,N3,歯,shi,Diente,シ (shi),は (ha),,
576,kanji,N3,忘,bou,Olvidar,ボウ (bou),わす (wasu),,
577,kanji,N3,雪,setsu,Nieve,セツ (setsu),ゆき (yuki),,
578,kanji,N3,吹,sui,Soplar,スイ (sui),ふ (fu),,
579,kanji,N3,娘,jou,Hija,ジョウ (jou),むすめ / こ (musume / ko),,
580,kanji,N3,誤,go,Error / Malentendido,ゴ (go),あやま (ayama),,
581,kanji,N3,洗,sen,Lavar,セン (sen),あら (ara),,
582,kanji,N3,慣,kan,Acostumbrarse,カン (kan),な (na),,
583,kanji,N3,礼,rei,Agradecimiento / Cortesía,レイ / ライ (rei / rai),-,,
584,kanji,N3,窓,sou,Ventana,ソウ (sou),まど (mado),,
585,kanji,N3,昔,seki,Antiguamente,セキ / シャク (seki / shaku),むかし (mukashi),,
586,kanji,N3,貧,hin,Pobre,ヒン / ビン (hin / bin),まず (mazu),,
587,kanji,N3,怒,do,Enojarse,ド (do),いか / おこ (ika / oko),,
588,kanji,N3,泳,ei,Nadar,エイ (ei),およ (oyo),,
589,kanji,N3,祖,so,Ancestro / Antepasado,ソ (so),-,,
590,kanji,N3,杯,hai,Copa (contador),ハイ (hai),さかずき (sakazuki),,
591,kanji,N3,疲,hi,Cansarse,ヒ (hi),つか (tsuka),,
592,kanji,N3,皆,kai,Todos,カイ (kai),みな / みんな (mina / minna),,
593,kanji,N3,鳴,mei,Sonar / Cantar (animal),メイ (mei),な (na),,
594,kanji,N3,腹,fuku,Vientre / Estómago,フク (fuku),はら (hara),,
595,kanji,N3,煙,en,Humo,エン (en),けむ / けむり (kemu / kemuri),,
596,kanji,N3,眠,min,Dormir,ミン (min),ねむ (nemu),,
597,kanji,N3,怖,fu,Dar miedo,フ (fu),こわ / お (kowa / o),,
598,kanji,N3,頂,chou,Cima / Recibir (humilde),チョウ (chou),いただ (itada),,
599,kanji,N3,箱,sou,Caja,ソウ (sou),はこ (hako),,
600,kanji,N3,晩,ban,Noche,バン (ban),-,,
601,kanji,N3,寒,kan,Frío (clima),カン (kan),さむ (samu),,
602,kanji,N3,髪,hatsu,Cabello,ハツ (hatsu),かみ (kami),,
603,kanji,N3,忙,bou,Ocupado,ボウ / モウ (bou / mou),いそが (isoga),,
604,kanji,N3,才,sai,Genio / Talento,サイ (sai),-,,
605,kanji,N3,靴,ka,Zapatos,カ (ka),くつ (kutsu),,
606,kanji,N3,恥,chi,Vergüenza,チ (chi),はじ / は (haji / ha),,
607,kanji,N3,偶,guu,Casualidad,グウ (guu),たま (tama),,
608,kanji,N3,偉,i,Admirable / Grandioso,イ (i),えら (era),,
609,kanji,N3,猫,byou,Gato,ビョウ (byou),ねこ (neko),,
610,kanji,N3,幾,ki,Cuántos,キ (ki),いく (iku),,
611,kanji,N3,誰,sui,Quién,スイ (sui),だれ (dare),,
612,kanji,N2,党,tou,Partido / Facción,トウ (tou),なかま / むら (nakama / mura),,
613,kanji,N2,協,kyou,Cooperación,キョウ (kyou),-,,
614,kanji,N2,総,sou,General / Total,ソウ (sou),すべ / ふさ (sube / fusa),,
615,kanji,N2,領,ryou,Jurisdicción / Dominio,リョウ (ryou),えり (eri),,
616,kanji,N2,設,setsu,Establecer / Instaurar,セツ (setsu),もう (mou),,
617,kanji,N2,保,ho,Proteger / Mantener,ホ / ホウ (ho / hou),たも (tamo),,
618,kanji,N2,改,kai,Reformar / Modificar,カイ (kai),あらた (arata),,
619,kanji,N2,第,dai,Número / Ordinal,ダイ (dai),-,,
620,kanji,N2,結,ketsu,Atar / Concluir,ケツ (ketsu),むす / ゆ (musu / yu),,
621,kanji,N2,派,ha,Facción / Grupo,ハ (ha),-,,
622,kanji,N2,府,fu,Prefectura / Gobierno,フ (fu),-,,
623,kanji,N2,査,sa,Investigar / Examinar,サ (sa),-,,
624,kanji,N2,委,i,Comité / Encomendar,イ (i),ゆだ (yuda),,
625,kanji,N2,軍,gun,Ejército / Tropas,グン (gun),いくさ (ikusa),,
626,kanji,N2,案,an,Plan / Propuesta,アン (an),つくえ (tsukue),,
627,kanji,N2,策,saku,Estrategia / Plan,サク (saku),-,,
628,kanji,N2,団,dan,Grupo / Asociación,ダン / トン (dan / ton),かたまり / まる (katamari / maru),,
629,kanji,N2,各,kaku,Cada / Todos,カク (kaku),おのおの (onoono),,
630,kanji,N2,島,tou,Isla,トウ (tou),しま (shima),,
631,kanji,N2,革,kaku,Cuero / Reforma,カク (kaku),かわ (kawa),,
632,kanji,N2,勢,sei,Fuerza / Ímpetu,セイ (sei),いきお (ikio),,
633,kanji,N2,減,gen,Disminuir / Reducir,ゲン (gen),へ (he),,
634,kanji,N2,再,sai,De nuevo / Otra vez,サイ / サ (sai / sa),ふたた (futata),,
635,kanji,N2,税,zei,Impuesto,ゼイ (zei),-,,
636,kanji,N2,営,ei,Operar / Gestionar,エイ (ei),いとな (itona),,
637,kanji,N2,比,hi,Comparar / Razón,ヒ (hi),くら (kura),,
638,kanji,N2,防,bou,Defender / Prevenir,ボウ (bou),ふせ (fuse),,
639,kanji,N2,補,ho,Suplir / Compensar,ホ (ho),おぎな (ogina),,
640,kanji,N2,境,kyou,Frontera / Límite,キョウ (kyou),さかい (sakai),,
641,kanji,N2,導,dou,Guiar / Conducir,ドウ (dou),みちび (michibi),,
642,kanji,N2,副,fuku,Vice- / Secundario,フク (fuku),-,,
643,kanji,N2,算,san,Calcular / Contar,サン (san),そろ (soro),,
644,kanji,N2,輸,yu,Transportar / Enviar,ユ / シュ (yu / shu),-,,
645,kanji,N2,述,jutsu,Mencionar / Declarar,ジュツ (jutsu),の (no),,
646,kanji,N2,線,sen,Línea,セン (sen),すじ (suji),,
647,kanji,N2,農,nou,Agricultura,ノウ (nou),-,,
648,kanji,N2,州,shuu,Estado / Provincia,シュウ (shuu),す (su),,
649,kanji,N2,武,bu,Militar / Guerrero,ブ / ム (bu / mu),たけ (take),,
650,kanji,N2,象,shou,Elefante / Símbolo,ショウ / ゾウ (shou / zou),かたど (katado),,
651,kanji,N2,域,iki,Región / Área,イキ (iki),-,,
652,kanji,N2,額,gaku,Frente / Cantidad,ガク (gaku),ひたい (hitai),,
653,kanji,N2,欧,ou,Europa,オウ (ou),-,,
654,kanji,N2,担,tan,Cargar / Encargarse,タン (tan),かつ / にな (katsu / nina),,
655,kanji,N2,準,jun,Estándar / Nivel,ジュン (jun),-,,
656,kanji,N2,賞,shou,Premio / Recompensa,ショウ (shou),-,,
657,kanji,N2,辺,hen,Alrededores / Vecindad,ヘン (hen),あた / べ (ata / be),,
658,kanji,N2,造,zou,Crear / Fabricar,ゾウ (zou),つく (tsuku),,
659,kanji,N2,被,hi,Sufrir / Recibir (daño),ヒ (hi),こうむ (koumu),,
660,kanji,N2,技,gi,Habilidad / Técnica,ギ (gi),わざ (waza),,
661,kanji,N2,低,tei,Bajo / Reducido,テイ (tei),ひく (hiku),,
662,kanji,N2,復,fuku,Restaurar / Repetir,フク (fuku),-,,
663,kanji,N2,移,i,Trasladar / Mudar,イ (i),うつ (utsu),,
664,kanji,N2,個,ko,Individuo / Unidad,コ (ko),-,,
665,kanji,N2,課,ka,Lección / Sección,カ (ka),-,,
666,kanji,N2,脳,nou,Cerebro / Mente,ノウ (nou),-,,
667,kanji,N2,極,kyoku,Polo / Extremo,キョク / ゴク (kyoku / goku),きわ (kiwa),,
668,kanji,N2,含,gan,Contener / Incluir,ガン (gan),ふく (fuku),,
669,kanji,N2,蔵,zou,Almacén / Bodega,ゾウ (zou),くら (kura),,
670,kanji,N2,量,ryou,Cantidad / Volumen,リョウ (ryou),はか (haka),,
671,kanji,N2,型,kei,Tipo / Modelo,ケイ (kei),かた (kata),,
672,kanji,N2,況,kyou,Condición / Situación,キョウ (kyou),-,,
673,kanji,N2,針,shin,Aguja / Rumbo,シン (shin),はり (hari),,
674,kanji,N2,専,sen,Exclusivo / Especializado,セン (sen),もっぱ (moppa),,
675,kanji,N2,谷,koku,Valle,コク (koku),たに (tani),,
676,kanji,N2,史,shi,Historia,シ (shi),-,,
677,kanji,N2,階,kai,Piso / Escalón,カイ (kai),-,,
678,kanji,N2,管,kan,Tubo / Administrar,カン (kan),くだ (kuda),,
679,kanji,N2,兵,hei,Soldado,ヘイ / ヒョウ (hei / hyou),-,,
680,kanji,N2,接,setsu,Tocar / Conectar,セツ (setsu),つ (tsu),,
681,kanji,N2,細,sai,Delgado / Detallado,サイ (sai),ほそ / こま (hoso / koma),,
682,kanji,N2,効,kou,Efecto / Mérito,コウ (kou),き (ki),,
683,kanji,N2,丸,gan,Redondo / Círculo,ガン (gan),まる (maru),,
684,kanji,N2,湾,wan,Bahía,ワン (wan),-,,
685,kanji,N2,録,roku,Registro / Grabación,ロク (roku),-,,
686,kanji,N2,省,sei,Reflexionar / Ministerio,セイ / ショウ (sei / shou),はぶ / かえり (habu / kaeri),,
687,kanji,N2,旧,kyuu,Antiguo / Anterior,キュウ (kyuu),-,,
688,kanji,N2,橋,kyou,Puente,キョウ (kyou),はし (hashi),,
689,kanji,N2,岸,gan,Costa / Orilla,ガン (gan),きし (kishi),,
690,kanji,N2,周,shuu,Circunferencia / Alrededor,シュウ (shuu),まわ (mawa),,
691,kanji,N2,材,zai,Material / Madera,ザイ (zai),-,,
692,kanji,N2,戸,ko,Puerta / Casa,コ (ko),と (to),,
693,kanji,N2,央,ou,Centro,オウ (ou),-,,
694,kanji,N2,券,ken,Boleto / Vale,ケン (ken),-,,
695,kanji,N2,編,hen,Compilar / Tejer,ヘン (hen),あ (a),,
696,kanji,N2,捜,sou,Buscar,ソウ (sou),さが (saga),,
697,kanji,N2,竹,chiku,Bambú,チク (chiku),たけ (take),,
698,kanji,N2,超,chou,Exceder / Súper,チョウ (chou),こ (ko),,
699,kanji,N2,並,hei,Fila / Ordinario,ヘイ (hei),なみ / なら (nami / nara),,
700,kanji,N2,療,ryou,Curar / Tratar,リョウ (ryou),-,,
701,kanji,N2,採,sai,Recolectar / Adoptar,サイ (sai),と (to),,
702,kanji,N2,森,shin,Bosque,シン (shin),もり (mori),,
703,kanji,N2,競,kyou,Competir,キョウ / ケイ (kyou / kei),きそ / せ (kiso / se),,
704,kanji,N2,介,kai,Mediar / Presentar,カイ (kai),-,,
705,kanji,N2,根,kon,Raíz,コン (kon),ね (ne),,
706,kanji,N2,販,han,Vender,ハン (han),-,,
707,kanji,N2,歴,reki,Historial / Trayectoria,レキ (reki),-,,
708,kanji,N2,将,shou,Líder / Futuro,ショウ (shou),-,,
709,kanji,N2,幅,fuku,Ancho / Amplitud,フク (fuku),はば (haba),,
710,kanji,N2,般,han,General / Todo,ハン (han),-,,
711,kanji,N2,貿,bou,Comercio,ボウ (bou),-,,
712,kanji,N2,講,kou,Conferencia / Explicar,コウ (kou),-,,
713,kanji,N2,林,rin,Arboleda / Bosque,リン (rin),はやし (hayashi),,
714,kanji,N2,装,sou,Vestimenta / Equipar,ソウ / ショウ (sou / shou),よそお (yosoo),,
715,kanji,N2,諸,sho,Varios / Diversos,ショ (sho),もろ (moro),,
716,kanji,N2,劇,geki,Drama / Obra teatral,ゲキ (geki),-,,
717,kanji,N2,河,ka,Río,カ (ka),かわ (kawa),,
718,kanji,N2,航,kou,Navegar,コウ (kou),-,,
719,kanji,N2,鉄,tetsu,Hierro,テツ (tetsu),-,,
720,kanji,N2,児,ji,Niño / Infante,ジ (ji),-,,
721,kanji,N2,禁,kin,Prohibir,キン (kin),-,,
722,kanji,N2,印,in,Sello / Impresión,イン (in),しるし (shirushi),,
723,kanji,N2,逆,gyaku,Inverso / Contrario,ギャク (gyaku),さか (saka),,
724,kanji,N2,換,kan,Intercambiar,カン (kan),か (ka),,
725,kanji,N2,久,kyuu,Duradero / Largo tiempo,キュウ (kyuu),ひさ (hisa),,
726,kanji,N2,短,tan,Corto / Breve,タン (tan),みじか (mijika),,
727,kanji,N2,油,yu,Aceite,ユ (yu),あぶら (abura),,
728,kanji,N2,暴,bou,Violencia / Brusco,ボウ / バク (bou / baku),あば (aba),,
729,kanji,N2,輪,rin,Rueda / Anillo,リン (rin),わ (wa),,
730,kanji,N2,占,sen,Adivinar / Ocupar,セン (sen),うらな / し (urana / shi),,
731,kanji,N2,植,shoku,Plantar,ショク (shoku),う (u),,
732,kanji,N2,清,sei,Puro / Limpio,セイ (sei),きよ (kiyo),,
733,kanji,N2,倍,bai,Doble / Veces,バイ (bai),-,,
734,kanji,N2,均,kin,Nivelado / Promedio,キン (kin),-,,
735,kanji,N2,億,oku,Cien millones,オク (oku),-,,
736,kanji,N2,圧,atsu,Presión,アツ (atsu),-,,
737,kanji,N2,芸,gei,Arte / Habilidad,ゲイ (gei),-,,
738,kanji,N2,署,sho,Oficina / Puesto,ショ (sho),-,,
739,kanji,N2,伸,shin,Extender / Crecer,シン (shin),の (no),,
740,kanji,N2,停,tei,Detener / Parar,テイ (tei),-,,
741,kanji,N2,爆,baku,Explosión,バク (baku),-,,
742,kanji,N2,陸,riku,Tierra firme / Continente,リク (riku),-,,
743,kanji,N2,玉,gyoku,Joya / Esfera,ギョク (gyoku),たま (tama),,
744,kanji,N2,波,ha,Ola / Onda,ハ (ha),なみ (nami),,
745,kanji,N2,帯,tai,Zona / Cinturón,タイ (tai),おび (obi),,
746,kanji,N2,延,en,Prolongar / Extender,エン (en),の (no),,
747,kanji,N2,羽,u,Ala / Pluma,ウ (u),は / はね (ha / hane),,
748,kanji,N2,固,ko,Duro / Firme,コ (ko),かた (kata),,
749,kanji,N2,則,soku,Regla / Norma,ソク (soku),-,,
750,kanji,N2,乱,ran,Desorden / Confusión,ラン (ran),みだ (mida),,
751,kanji,N2,普,fu,Universal / General,フ (fu),-,,
752,kanji,N2,測,soku,Medir,ソク (soku),はか (haka),,
753,kanji,N2,豊,hou,Abundante / Rico,ホウ (hou),ゆた (yuta),,
754,kanji,N2,厚,kou,Grueso / Espeso,コウ (kou),あつ (atsu),,
755,kanji,N2,齢,rei,Edad,レイ (rei),-,,
756,kanji,N2,囲,i,Rodear / Cercar,イ (i),かこ (kako),,
757,kanji,N2,卒,sotsu,Graduarse,ソツ (sotsu),-,,
758,kanji,N2,略,ryaku,Abreviar / Omitir,リャク (ryaku),-,,
759,kanji,N2,承,shou,Aceptar / Consentir,ショウ (shou),うけたまわ (uketamawa),,
760,kanji,N2,順,jun,Orden / Turno,ジュン (jun),-,,
761,kanji,N2,岩,gan,Roca,ガン (gan),いわ (iwa),,
762,kanji,N2,練,ren,Practicar / Entrenar,レン (ren),ね (ne),,
763,kanji,N2,軽,kei,Ligero / Leve,ケイ (kei),かる (karu),,
764,kanji,N2,了,ryou,Completar / Terminar,リョウ (ryou),-,,
765,kanji,N2,庁,chou,Agencia gubernamental,チョウ (chou),-,,
766,kanji,N2,城,jou,Castillo,ジョウ (jou),しろ (shiro),,
767,kanji,N2,患,kan,Padecer / Aflicción,カン (kan),わずら (wazura),,
768,kanji,N2,層,sou,Capa / Estrato,ソウ (sou),-,,
769,kanji,N2,版,han,Publicación / Edición,ハン (han),-,,
770,kanji,N2,令,rei,Orden / Mandato,レイ (rei),-,,
771,kanji,N2,角,kaku,Ángulo / Esquina,カク (kaku),かど / つの (kado / tsuno),,
772,kanji,N2,絡,raku,Enredar / Contactar,ラク (raku),から (kara),,
773,kanji,N2,損,son,Pérdida / Daño,ソン (son),そこ (soko),,
774,kanji,N2,募,bo,Reclutar / Convocar,ボ (bo),つの (tsuno),,
775,kanji,N2,裏,ri,Reverso / Parte de atrás,リ (ri),うら (ura),,
776,kanji,N2,仏,butsu,Buda,ブツ (butsu),ほとけ (hotoke),,
777,kanji,N2,績,seki,Logro / Rendimiento,セキ (seki),-,,
778,kanji,N2,築,chiku,Construir / Edificar,チク (chiku),きず (kizu),,
779,kanji,N2,貨,ka,Moneda / Mercancía,カ (ka),-,,
780,kanji,N2,混,kon,Mezclar,コン (kon),ま (ma),,
781,kanji,N2,昇,shou,Ascender / Subir,ショウ (shou),のぼ (nobo),,
782,kanji,N2,池,chi,Estanque,チ (chi),いけ (ike),,
783,kanji,N2,血,ketsu,Sangre,ケツ (ketsu),ち (chi),,
784,kanji,N2,温,on,Cálido / Templado,オン (on),あたた (atata),,
785,kanji,N2,季,ki,Estación (del año),キ (ki),-,,
786,kanji,N2,星,sei,Estrella,セイ / ショウ (sei / shou),ほし (hoshi),,
787,kanji,N2,永,ei,Eterno / Perpetuo,エイ (ei),なが (naga),,
788,kanji,N2,著,cho,Escribir / Notable,チョ (cho),いちじる (ichijiru),,
789,kanji,N2,誌,shi,Revista / Publicación,シ (shi),-,,
790,kanji,N2,庫,ko,Almacén / Depósito,コ (ko),-,,
791,kanji,N2,刊,kan,Publicar (periódicamente),カン (kan),-,,
792,kanji,N2,像,zou,Estatua / Imagen,ゾウ (zou),-,,
793,kanji,N2,香,kou,Fragancia / Aroma,コウ (kou),かお (kao),,
794,kanji,N2,坂,han,Cuesta / Pendiente,ハン (han),さか (saka),,
795,kanji,N2,底,tei,Fondo / Base,テイ (tei),そこ (soko),,
796,kanji,N2,布,fu,Tela / Tejido,フ (fu),ぬの (nuno),,
797,kanji,N2,寺,ji,Templo (budista),ジ (ji),てら (tera),,
798,kanji,N2,宇,u,Universo / Espacio,ウ (u),-,,
799,kanji,N2,巨,kyo,Gigantesco / Enorme,キョ (kyo),-,,
800,kanji,N2,震,shin,Temblar / Sacudir,シン (shin),ふる (furu),,
801,kanji,N2,希,ki,Esperanza / Poco frecuente,キ (ki),まれ (mare),,
802,kanji,N2,触,shoku,Tocar / Contacto,ショク (shoku),さわ / ふ (sawa / fu),,
803,kanji,N2,依,i,Depender / Confiar,イ (i),-,,
804,kanji,N2,籍,seki,Registro / Nacionalidad,セキ (seki),-,,
805,kanji,N2,汚,o,Sucio / Contaminado,オ (o),きたな / よご (kitana / yogo),,
806,kanji,N2,枚,mai,Contador de objetos planos,マイ (mai),-,,
807,kanji,N2,複,fuku,Duplicado / Múltiple,フク (fuku),-,,
808,kanji,N2,郵,yuu,Correo,ユウ (yuu),-,,
809,kanji,N2,仲,chuu,Amistad / Relación,チュウ (chuu),なか (naka),,
810,kanji,N2,栄,ei,Prosperar / Florecer,エイ (ei),さか / は (saka / ha),,
811,kanji,N2,札,satsu,Billete / Etiqueta,サツ (satsu),ふだ (fuda),,
812,kanji,N2,板,han,Tabla / Pizarra,ハン / バン (han / ban),いた (ita),,
813,kanji,N2,骨,kotsu,Hueso,コツ (kotsu),ほね (hone),,
814,kanji,N2,傾,kei,Inclinar / Tendencia,ケイ (kei),かたむ (katamu),,
815,kanji,N2,届,kai,Entregar / Llegar,カイ (kai),とど (todo),,
816,kanji,N2,巻,kan,Enrollar / Volumen,カン (kan),ま (ma),,
817,kanji,N2,燃,nen,Arder / Quemar,ネン (nen),も (mo),,
818,kanji,N2,跡,seki,Huella / Rastro,セキ (seki),あと (ato),,
819,kanji,N2,包,hou,Envolver,ホウ (hou),つつ (tsutsu),,
820,kanji,N2,駐,chuu,Estacionar / Residir,チュウ (chuu),-,,
821,kanji,N2,弱,jaku,Débil,ジャク (jaku),よわ (yowa),,
822,kanji,N2,紹,shou,Presentar,ショウ (shou),-,,
823,kanji,N2,雇,ko,Emplear / Contratar,コ (ko),やと (yato),,
824,kanji,N2,替,tai,Cambiar / Sustituir,タイ (tai),か (ka),,
825,kanji,N2,預,yo,Depositar / Confiar,ヨ (yo),あず (azu),,
826,kanji,N2,焼,shou,Asar / Quemar,ショウ (shou),や (ya),,
827,kanji,N2,簡,kan,Simple / Sencillo,カン (kan),-,,
828,kanji,N2,章,shou,Capítulo / Insignia,ショウ (shou),-,,
829,kanji,N2,臓,zou,Víscera / Órgano,ゾウ (zou),-,,
830,kanji,N2,律,ritsu,Ley / Ritmo,リツ (ritsu),-,,
831,kanji,N2,贈,zou,Regalar / Obsequiar,ゾウ (zou),おく (oku),,
832,kanji,N2,照,shou,Iluminar / Comparar,ショウ (shou),て (te),,
833,kanji,N2,薄,haku,Delgado / Diluido,ハク (haku),うす (usu),,
834,kanji,N2,群,gun,Grupo / Rebaño,グン (gun),む (mu),,
835,kanji,N2,秒,byou,Segundo (tiempo),ビョウ (byou),-,,
836,kanji,N2,奥,ou,Interior / Fondo,オウ (ou),おく (oku),,
837,kanji,N2,詰,kitsu,Empacar / Llenar,キツ (kitsu),つ (tsu),,
838,kanji,N2,双,sou,Par / Pareja,ソウ (sou),ふた (futa),,
839,kanji,N2,刺,shi,Pinchar / Picar,シ (shi),さ (sa),,
840,kanji,N2,純,jun,Puro / Genuino,ジュン (jun),-,,
841,kanji,N2,翌,yoku,El siguiente (día),ヨク (yoku),-,,
842,kanji,N2,快,kai,Alegre / Cómodo,カイ (kai),こころよ (kokoroyo),,
843,kanji,N2,片,hen,Fragmento / Un lado,ヘン (hen),かた (kata),,
844,kanji,N2,敬,kei,Respetar,ケイ (kei),うやま (uyama),,
845,kanji,N2,悩,nou,Preocuparse / Sufrir,ノウ (nou),なや (naya),,
846,kanji,N2,泉,sen,Manantial / Fuente,セン (sen),いずみ (izumi),,
847,kanji,N2,皮,hi,Piel / Cáscara,ヒ (hi),かわ (kawa),,
848,kanji,N2,漁,gyo,Pesca,ギョ / リョウ (gyo / ryou),-,,
849,kanji,N2,荒,kou,Áspero / Salvaje,コウ (kou),あら (ara),,
850,kanji,N2,貯,cho,Ahorrar,チョ (cho),たくわ (takuwa),,
851,kanji,N2,硬,kou,Duro / Rígido,コウ (kou),かた (kata),,
852,kanji,N2,埋,mai,Enterrar / Sepultar,マイ (mai),う (u),,
853,kanji,N2,柱,chuu,Pilar / Columna,チュウ (chuu),はしら (hashira),,
854,kanji,N2,祭,sai,Festival,サイ (sai),まつ (matsu),,
855,kanji,N2,袋,tai,Bolsa,タイ (tai),ふくろ (fukuro),,
856,kanji,N2,筆,hitsu,Pincel / Pluma,ヒツ (hitsu),ふで (fude),,
857,kanji,N2,訓,kun,Instrucción / Lección,クン (kun),-,,
858,kanji,N2,浴,yoku,Bañarse,ヨク (yoku),あ (a),,
859,kanji,N2,童,dou,Niño / Infante,ドウ (dou),わらべ (warabe),,
860,kanji,N2,宝,hou,Tesoro,ホウ (hou),たから (takara),,
861,kanji,N2,封,fuu,Sellar / Cerrar,フウ (fuu),-,,
862,kanji,N2,胸,kyou,Pecho,キョウ (kyou),むね (mune),,
863,kanji,N2,砂,sa,Arena,サ (sa),すな (suna),,
864,kanji,N2,塩,en,Sal,エン (en),しお (shio),,
865,kanji,N2,賢,ken,Sabio / Inteligente,ケン (ken),かしこ (kashiko),,
866,kanji,N2,腕,wan,Brazo,ワン (wan),うで (ude),,
867,kanji,N2,兆,chou,Billón / Presagio,チョウ (chou),きざ (kiza),,
868,kanji,N2,床,shou,Piso / Suelo,ショウ (shou),ゆか / とこ (yuka / toko),,
869,kanji,N2,毛,mou,Pelo / Vello,モウ (mou),け (ke),,
870,kanji,N2,緑,ryoku,Verde,リョク (ryoku),みどり (midori),,
871,kanji,N2,尊,son,Reverenciado / Noble,ソン (son),とうと / たっと (touto / tatto),,
872,kanji,N2,祝,shuku,Celebrar / Felicitar,シュク (shuku),いわ (iwa),,
873,kanji,N2,柔,juu,Suave / Flexible,ジュウ (juu),やわ (yawa),,
874,kanji,N2,殿,den,Señor (honorífico) / Salón,デン (den),との / どの (tono / dono),,
875,kanji,N2,濃,nou,Concentrado / Denso,ノウ (nou),こ (ko),,
876,kanji,N2,液,eki,Líquido / Fluido,エキ (eki),-,,
877,kanji,N2,衣,i,Ropa / Prenda,イ (i),ころも (koromo),,
878,kanji,N2,肩,ken,Hombro,ケン (ken),かた (kata),,
879,kanji,N2,零,rei,Cero,レイ (rei),-,,
880,kanji,N2,幼,you,Infancia / Joven,ヨウ (you),おさな (osana),,
881,kanji,N2,荷,ka,Carga / Equipaje,カ (ka),に (ni),,
882,kanji,N2,泊,haku,Pasar la noche,ハク (haku),と (to),,
883,kanji,N2,黄,kou,Amarillo,コウ / オウ (kou / ou),き (ki),,
884,kanji,N2,甘,kan,Dulce,カン (kan),あま (ama),,
885,kanji,N2,臣,shin,Ministro / Vasallo,シン (shin),-,,
886,kanji,N2,浅,sen,Poco profundo,セン (sen),あさ (asa),,
887,kanji,N2,掃,sou,Barrer,ソウ (sou),は (ha),,
888,kanji,N2,雲,un,Nube,ウン (un),くも (kumo),,
889,kanji,N2,掘,kutsu,Cavar / Excavar,クツ (kutsu),ほ (ho),,
890,kanji,N2,捨,sha,Desechar / Tirar,シャ (sha),す (su),,
891,kanji,N2,軟,nan,Blando / Suave,ナン (nan),やわ (yawa),,
892,kanji,N2,沈,chin,Hundirse,チン (chin),しず (shizu),,
893,kanji,N2,凍,tou,Congelar,トウ (tou),こお (koo),,
894,kanji,N2,乳,nyuu,Leche,ニュウ (nyuu),ちち (chichi),,
895,kanji,N2,恋,ren,Amor romántico,レン (ren),こい (koi),,
896,kanji,N2,紅,kou,Carmesí / Rojo intenso,コウ (kou),べに (beni),,
897,kanji,N2,郊,kou,Suburbio / Afueras,コウ (kou),-,,
898,kanji,N2,腰,you,Cintura / Cadera,ヨウ (you),こし (koshi),,
899,kanji,N2,炭,tan,Carbón,タン (tan),すみ (sumi),,
900,kanji,N2,踊,you,Bailar,ヨウ (you),おど (odo),,
901,kanji,N2,冊,satsu,Contador de libros,サツ (satsu),-,,
902,kanji,N2,勇,yuu,Valentía / Coraje,ユウ (yuu),いさ (isa),,
903,kanji,N2,械,kai,Máquina / Aparato,カイ (kai),-,,
904,kanji,N2,菜,sai,Verdura / Vegetal,サイ (sai),な (na),,
905,kanji,N2,珍,chin,Raro / Poco común,チン (chin),めずら (mezura),,
906,kanji,N2,卵,ran,Huevo,ラン (ran),たまご (tamago),,
907,kanji,N2,湖,ko,Lago,コ (ko),みずうみ (mizuumi),,
908,kanji,N2,喫,kitsu,Consumir / Fumar,キツ (kitsu),-,,
909,kanji,N2,干,kan,Secar,カン (kan),ほ (ho),,
910,kanji,N2,虫,chuu,Insecto / Bicho,チュウ (chuu),むし (mushi),,
911,kanji,N2,刷,satsu,Imprimir,サツ (satsu),す (su),,
912,kanji,N2,湯,tou,Agua caliente,トウ (tou),ゆ (yu),,
913,kanji,N2,溶,you,Derretir / Disolver,ヨウ (you),と (to),,
914,kanji,N2,鉱,kou,Mineral,コウ (kou),-,,
915,kanji,N2,涙,rui,Lágrima,ルイ (rui),なみだ (namida),,
916,kanji,N2,匹,hitsu,Contador de animales pequeños,ヒツ (hitsu),-,,
917,kanji,N2,孫,son,Nieto / Nieta,ソン (son),まご (mago),,
918,kanji,N2,鋭,ei,Agudo / Filoso,エイ (ei),するど (surudo),,
919,kanji,N2,枝,shi,Rama,シ (shi),えだ (eda),,
920,kanji,N2,塗,to,Pintar / Untar,ト (to),ぬ (nu),,
921,kanji,N2,軒,ken,Contador de casas,ケン (ken),のき (noki),,
922,kanji,N2,毒,doku,Veneno,ドク (doku),-,,
923,kanji,N2,叫,kyou,Gritar,キョウ (kyou),さけ (sake),,
924,kanji,N2,拝,hai,Reverenciar / Venerar,ハイ (hai),おが (oga),,
925,kanji,N2,氷,hyou,Hielo,ヒョウ (hyou),こおり (koori),,
926,kanji,N2,乾,kan,Secar / Brindar,カン (kan),かわ (kawa),,
927,kanji,N2,棒,bou,Palo / Vara,ボウ (bou),-,,
928,kanji,N2,祈,ki,Rezar,キ (ki),いの (ino),,
929,kanji,N2,拾,shuu,Recoger,シュウ (shuu),ひろ (hiro),,
930,kanji,N2,粉,fun,Harina / Polvo,フン (fun),こな (kona),,
931,kanji,N2,糸,shi,Hilo,シ (shi),いと (ito),,
932,kanji,N2,綿,men,Algodón,メン (men),わた (wata),,
933,kanji,N2,汗,kan,Sudor,カン (kan),あせ (ase),,
934,kanji,N2,銅,dou,Cobre,ドウ (dou),-,,
935,kanji,N2,湿,shitsu,Húmedo,シツ (shitsu),しめ (shime),,
936,kanji,N2,瓶,bin,Botella / Frasco,ビン (bin),-,,
937,kanji,N2,咲,shou,Florecer,ショウ (shou),さ (sa),,
938,kanji,N2,召,shou,Convocar / Llamar,ショウ (shou),め (me),,
939,kanji,N2,缶,kan,Lata,カン (kan),-,,
940,kanji,N2,隻,seki,Contador de barcos,セキ (seki),-,,
941,kanji,N2,脂,shi,Grasa,シ (shi),あぶら (abura),,
942,kanji,N2,蒸,jou,Cocer al vapor,ジョウ (jou),む (mu),,
943,kanji,N2,肌,ki,Piel / Textura,キ (ki),はだ (hada),,
944,kanji,N2,耕,kou,Cultivar / Labrar,コウ (kou),たがや (tagaya),,
945,kanji,N2,鈍,don,Torpe / Lento,ドン (don),にぶ (nibu),,
946,kanji,N2,泥,dei,Barro / Lodo,デイ (dei),どろ (doro),,
947,kanji,N2,隅,guu,Rincón / Esquina,グウ (guu),すみ (sumi),,
948,kanji,N2,灯,tou,Lámpara / Luz,トウ (tou),ひ (hi),,
949,kanji,N2,辛,shin,Picante,シン (shin),から (kara),,
950,kanji,N2,磨,ma,Pulir / Cepillar,マ (ma),みが (miga),,
951,kanji,N2,麦,baku,Trigo / Cebada,バク (baku),むぎ (mugi),,
952,kanji,N2,姓,sei,Apellido,セイ (sei),-,,
953,kanji,N2,筒,tou,Tubo / Cilindro,トウ (tou),つつ (tsutsu),,
954,kanji,N2,鼻,bi,Nariz,ビ (bi),はな (hana),,
955,kanji,N2,粒,ryuu,Grano,リュウ (ryuu),つぶ (tsubu),,
956,kanji,N2,詞,shi,Palabras / Letra (canción),シ (shi),-,,
957,kanji,N2,胃,i,Estómago,イ (i),-,,
958,kanji,N2,畳,jou,Tatami (esterilla),ジョウ (jou),たたみ (tatami),,
959,kanji,N2,机,ki,Escritorio,キ (ki),つくえ (tsukue),,
960,kanji,N2,膚,fu,Piel / Cuerpo,フ (fu),-,,
961,kanji,N2,濯,taku,Lavar (ropa),タク (taku),-,,
962,kanji,N2,塔,tou,Torre,トウ (tou),-,,
963,kanji,N2,沸,futsu,Hervir,フツ (futsu),わ (wa),,
964,kanji,N2,灰,kai,Ceniza,カイ (kai),はい (hai),,
965,kanji,N2,菓,ka,Dulce / Golosina,カ (ka),-,,
966,kanji,N2,帽,bou,Gorra / Sombrero,ボウ (bou),-,,
967,kanji,N2,枯,ko,Marchitarse,コ (ko),か (ka),,
968,kanji,N2,涼,ryou,Fresco / Agradable,リョウ (ryou),すず (suzu),,
969,kanji,N2,舟,shuu,Barca / Bote,シュウ (shuu),ふね (fune),,
970,kanji,N2,貝,bai,Concha / Molusco,バイ (bai),かい (kai),,
971,kanji,N2,符,fu,Signo / Marca,フ (fu),-,,
972,kanji,N2,憎,zou,Odiar,ゾウ (zou),にく (niku),,
973,kanji,N2,皿,bei,Plato,ベイ (bei),さら (sara),,
974,kanji,N2,肯,kou,Consentir / Afirmar,コウ (kou),-,,
975,kanji,N2,燥,sou,Seco / Reseco,ソウ (sou),-,,
976,kanji,N2,畜,chiku,Ganado,チク (chiku),-,,
977,kanji,N2,坊,bou,Monje / Niño,ボウ (bou),-,,
978,kanji,N2,挟,kyou,Pinzar / Insertar entre,キョウ (kyou),はさ (hasa),,
979,kanji,N2,曇,don,Nublado,ドン (don),くも (kumo),,
980,kanji,N2,滴,teki,Gota,テキ (teki),しずく (shizuku),,
981,kanji,N2,伺,shi,Visitar / Preguntar (humilde),シ (shi),うかが (ukaga),,
